epoch,epoch,test_epoch,test_test_acc_new,test_test_acc_old,test_test_accuracy,test_test_co2,test_test_co2_cum,test_test_co2_train_cum,test_test_f1,test_test_precision,test_test_recall,train_ce_loss,train_co2,train_co2_cum,train_f1,train_kd_loss,train_loss,train_precision,train_recall
0,0,0,51.0,,51.0,7.99089520275713e-06,7.99089520275713e-06,2.560900873304133e-05,0.5047080946601291,0.5352564987260962,0.51,1.266651800274849,2.560900873304133e-05,2.560900873304133e-05,0.8757873388240943,0.0,1.266651800274849,0.8765175675323673,0.8756
1,1,1,52.0,,52.0,3.706419635877522e-05,4.5055091561532344e-05,8.361887426502483e-05,0.5134986709471426,0.5458972361311167,0.5199999999999999,0.4243962988257408,5.80098655319835e-05,8.361887426502483e-05,0.9756695840909956,0.0,0.4243962988257408,0.9758498819518147,0.9756
2,2,2,54.8,,54.8,6.584816675227347e-05,0.00011090325831380582,0.00017045801627015294,0.5369622823216252,0.582371571554921,0.5479999999999999,0.13446417823433876,8.683914200512809e-05,0.00017045801627015294,0.9991999991999994,0.0,0.13446417823433876,0.9992007968031873,0.9992000000000001
3,3,3,54.1,,54.1,9.410509009703837e-05,0.0002050083484108442,0.00028555336443695297,0.5287738837472183,0.5589340012492847,0.5409999999999999,0.043076760694384576,0.00011509534816680005,0.00028555336443695297,1.0,0.0,0.043076760694384576,1.0,1.0
4,4,4,55.5,,55.5,0.0001231378098023001,0.00032814615821314427,0.00042963079978688284,0.54260714671764,0.5732875534042039,0.5549999999999999,0.01596161341294646,0.00014407743534992988,0.00042963079978688284,1.0,0.0,0.01596161341294646,1.0,1.0
5,5,5,56.2,,56.2,0.00015178051332730787,0.00047992667154045214,0.000602336120601385,0.5495524968218097,0.5852593423504967,0.562,0.008885389217175544,0.00017270532081450213,0.000602336120601385,1.0,0.0,0.008885389217175544,1.0,1.0
6,6,6,55.9,,55.9,0.00018019322416508167,0.0006601198957055339,0.000803463450195363,0.5444079271493574,0.5818840447593854,0.5589999999999999,0.004501899529714137,0.000201127329593978,0.000803463450195363,1.0,0.0,0.004501899529714137,1.0,1.0
7,7,7,56.0,,56.0,0.0002090819156824913,0.0008692018113880251,0.0010334803381322384,0.5438287530517756,0.5788028649790172,0.5599999999999999,0.003950710850767791,0.0002300168879368754,0.0010334803381322384,1.0,0.0,0.003950710850767791,1.0,1.0
8,8,8,55.9,,55.9,0.00023781141256517312,0.0011070132239531982,0.001292256381966691,0.544108530736626,0.583682816883561,0.5589999999999999,0.0026832419447600842,0.0002587760438344526,0.001292256381966691,1.0,0.0,0.0026832419447600842,1.0,1.0
9,9,9,56.3,,56.3,0.00026675848123835865,0.0013737717051915568,0.0015794546603493896,0.5488224935827017,0.5846427102641296,0.563,0.002353521017357707,0.00028719827838269863,0.0015794546603493896,1.0,0.0,0.002353521017357707,1.0,1.0
10,10,10,56.4,,56.4,0.0002954898659613835,0.0016692615711529403,0.0018958932540954951,0.5480042637886984,0.5869461637917588,0.564,0.0020992409845348448,0.00031643859374610545,0.0018958932540954951,1.0,0.0,0.0020992409845348448,1.0,1.0
11,11,11,55.7,,55.7,0.00032381901207102364,0.001993080583223964,0.0022406184015225095,0.5415377653450315,0.5739837711776797,0.5569999999999999,0.0016843701363541187,0.00034472514742701454,0.0022406184015225095,1.0,0.0,0.0016843701363541187,1.0,1.0
12,12,12,55.9,,55.9,0.00035289705940270234,0.0023459776426266662,0.0026144503113774975,0.5428367267016285,0.5728786938461383,0.5589999999999999,0.0016005790181225165,0.000373831909854988,0.0026144503113774975,1.0,0.0,0.0016005790181225165,1.0,1.0
13,13,13,55.8,,55.8,0.0003818210167057796,0.002727798659332446,0.003017209394714825,0.5448724701844977,0.5853270839807067,0.5579999999999999,0.0012002908508293331,0.0004027590833373276,0.003017209394714825,1.0,0.0,0.0012002908508293331,1.0,1.0
14,14,14,55.6,,55.6,0.0004101343763050453,0.003137933035637491,0.0034483221033097373,0.5386357198369451,0.5710780109688847,0.5559999999999999,0.0013783812260953709,0.00043111270859491234,0.0034483221033097373,1.0,0.0,0.0013783812260953709,1.0,1.0
15,15,15,56.0,,56.0,0.0004393865573742438,0.003577319593011735,0.003908577223116759,0.5462933688830653,0.5817219905194932,0.56,0.00104659317585174,0.0004602551198070222,0.003908577223116759,1.0,0.0,0.00104659317585174,1.0,1.0
16,16,16,56.1,,56.1,0.00046838822084712724,0.004045707813858862,0.0043978712605144904,0.5438033565561985,0.5837975840148486,0.5609999999999999,0.0009885286359349265,0.0004892940373977311,0.0043978712605144904,1.0,0.0,0.0009885286359349265,1.0,1.0
17,17,17,56.6,,56.6,0.0004970161753378836,0.004542723989196746,0.0049157966976094035,0.5496107573848853,0.5853036551818717,0.5660000000000001,0.000940321118105203,0.0005179254370949133,0.0049157966976094035,1.0,0.0,0.000940321118105203,1.0,1.0
18,18,18,57.2,,57.2,0.0005253823523095833,0.005068106341506329,0.005462126541737334,0.5570608061175896,0.5956766606977102,0.572,0.0010369119554525241,0.0005463298441279303,0.005462126541737334,1.0,0.0,0.0010369119554525241,1.0,1.0
19,19,19,56.0,,56.0,0.000554547903465322,0.005622654244971651,0.006037586961797902,0.5441604784209926,0.580897885037758,0.56,0.0007679367452510632,0.0005754604200605675,0.006037586961797902,1.0,0.0,0.0007679367452510632,1.0,1.0
20,20,20,56.2,,56.2,0.0005835624034978453,0.0062062166484694965,0.0066420888350028785,0.5470256108245029,0.587294853333516,0.562,0.001168429736571852,0.0006045018732049766,0.0066420888350028785,1.0,0.0,0.001168429736571852,1.0,1.0
21,21,21,56.7,,56.7,0.0006121297974899672,0.006818346445959463,0.0072747190458283765,0.5515026891120679,0.5946148215590296,0.5670000000000001,0.0017035337659763172,0.000632630210825498,0.0072747190458283765,1.0,0.0,0.0017035337659763172,1.0,1.0
22,22,22,56.7,,56.7,0.000640592049146048,0.007458938495105511,0.00793622777264424,0.5514103966524345,0.5856918495875123,0.567,0.0007888096166425385,0.0006615087268158644,0.00793622777264424,1.0,0.0,0.0007888096166425385,1.0,1.0
23,23,23,56.8,,56.8,0.0006694972982288746,0.008128435793334386,0.008626636236716832,0.5533363706788934,0.5945730392658168,0.568,0.000780993135413155,0.0006904084640725917,0.008626636236716832,1.0,0.0,0.000780993135413155,1.0,1.0
24,24,24,56.8,,56.8,0.0006981277007618593,0.008826563494096246,0.009345699233429554,0.5517946949502341,0.5941855190295036,0.568,0.0005602883160463534,0.0007190629967127217,0.009345699233429554,1.0,0.0,0.0005602883160463534,1.0,1.0
25,25,25,56.4,,56.4,0.0007266947605117331,0.009553258254607979,0.010093328072715168,0.5490464260825159,0.582328942203142,0.564,0.0007850031950511038,0.0007476288392856127,0.010093328072715168,1.0,0.0,0.0007850031950511038,1.0,1.0
26,26,26,56.6,,56.6,0.0007558203648632929,0.010309078619471272,0.010870095853389616,0.5491368987249229,0.590421266291273,0.5660000000000001,0.0006327191105810926,0.0007767677806744475,0.010870095853389616,1.0,0.0,0.0006327191105810926,1.0,1.0
27,27,27,56.3,,56.3,0.0007848972693189107,0.011093975888790183,0.01167592436657363,0.548965263787859,0.5879277333217038,0.563,0.0006469830084824934,0.0008058285131840134,0.01167592436657363,1.0,0.0,0.0006469830084824934,1.0,1.0
28,28,28,56.4,,56.4,0.0008136272696939937,0.011907603158484176,0.012510419095306558,0.54939114074767,0.595307142689389,0.5640000000000001,0.001020032653468661,0.0008344947287329285,0.012510419095306558,1.0,0.0,0.001020032653468661,1.0,1.0
29,29,29,56.6,,56.6,0.0008423143050176741,0.012749917463501851,0.013373662807304587,0.5519853662601246,0.5885951988539652,0.5660000000000001,0.0005968491357634775,0.0008632437119980296,0.013373662807304587,1.0,0.0,0.0005968491357634775,1.0,1.0
30,30,30,56.8,,56.8,0.0008712787067211583,0.01362119617022301,0.01426586077191459,0.5556408396025266,0.589216714346704,0.568,0.0005954132910119369,0.0008921979646100022,0.01426586077191459,1.0,0.0,0.0005954132910119369,1.0,1.0
31,31,31,56.6,,56.6,0.0009001269329618185,0.014521323103184828,0.015186880710517051,0.552257930835406,0.5910398920925033,0.5660000000000001,0.0005467070121085271,0.000921019938602461,0.015186880710517051,1.0,0.0,0.0005467070121085271,1.0,1.0
32,32,32,56.6,,56.6,0.0009281954551889671,0.015449518558373796,0.016135992649076385,0.5500359121190391,0.5866258464145809,0.566,0.0010705760927521625,0.0009491119385593351,0.016135992649076385,1.0,0.0,0.0010705760927521625,1.0,1.0
33,33,33,57.0,,57.0,0.0009571775014018534,0.016406696059775648,0.017114049758566577,0.5538570581770591,0.5955737690861082,0.57,0.0012518472576630302,0.0009780571094901937,0.017114049758566577,1.0,0.0,0.0012518472576630302,1.0,1.0
34,34,34,56.8,,56.8,0.0009860946578653278,0.017392790717640976,0.01812103714903135,0.5534197912391605,0.5957495430584031,0.5680000000000001,0.0008787719532847404,0.0010069873904647742,0.01812103714903135,1.0,0.0,0.0008787719532847404,1.0,1.0
35,35,35,56.8,,56.8,0.0010148180942469167,0.018407608811887893,0.01915675440664104,0.5500449850142557,0.5883716034790537,0.568,0.0006059825143893249,0.001035717257609688,0.01915675440664104,1.0,0.0,0.0006059825143893249,1.0,1.0
36,36,36,56.4,,56.4,0.001043338229043005,0.019450947040930897,0.020220963870072287,0.5476267512324662,0.5834541784189116,0.564,0.0007063699988066219,0.0010642094634312465,0.020220963870072287,1.0,0.0,0.0007063699988066219,1.0,1.0
37,37,37,56.3,,56.3,0.0010725202412944417,0.02052346728222534,0.02131439086145255,0.5473587478893269,0.5850476665740892,0.563,0.0005444008522317745,0.0010934269913802641,0.02131439086145255,1.0,0.0,0.0005444008522317745,1.0,1.0
38,38,38,56.9,,56.9,0.0011012468653051404,0.02162471414753048,0.02243651853809747,0.5536050035727675,0.5945675292220135,0.5690000000000001,0.00045903917052783074,0.0011221276766449188,0.02243651853809747,1.0,0.0,0.00045903917052783074,1.0,1.0
39,39,39,56.4,,56.4,0.0011295770326406873,0.02275429118017117,0.02358697809338747,0.5505572737572237,0.5842429839156738,0.564,0.0005578178810537793,0.00115045955529,0.02358697809338747,1.0,0.0,0.0005578178810537793,1.0,1.0
40,40,40,56.6,,56.6,0.0011589243115091182,0.02391321549168029,0.024766795687132116,0.5503894841724433,0.5857840513470978,0.5660000000000001,0.00062875803996576,0.0011798175937446451,0.024766795687132116,1.0,0.0,0.00062875803996576,1.0,1.0
41,41,41,56.4,,56.4,0.0011878678553946772,0.025101083347074966,0.02597550214686325,0.5501219939545707,0.5859619491367036,0.5640000000000001,0.0005516527031431906,0.0012087064597311357,0.02597550214686325,1.0,0.0,0.0005516527031431906,1.0,1.0
42,42,42,56.7,,56.7,0.0012168941723210028,0.02631797751939597,0.027212863164353805,0.5522653421626778,0.5904511828413985,0.567,0.00043737829400924966,0.0012373610174905537,0.027212863164353805,1.0,0.0,0.00043737829400924966,1.0,1.0
43,43,43,56.9,,56.9,0.0012460095945248004,0.02756398711392077,0.028479761237202767,0.5541643616192631,0.5972089039278474,0.569,0.00047846769157331435,0.0012668980728489628,0.028479761237202767,1.0,0.0,0.00047846769157331435,1.0,1.0
44,44,44,56.3,,56.3,0.0012750936737848844,0.028839080787705654,0.02977577286133541,0.5489879223807885,0.5888565562824147,0.563,0.0004166826285654679,0.001296011624132646,0.02977577286133541,1.0,0.0,0.0004166826285654679,1.0,1.0
45,45,45,56.6,,56.6,0.00130383150799746,0.030142912295703112,0.031100468437778035,0.5524790733910678,0.5999236153362337,0.5660000000000001,0.00044941970118088647,0.0013246955764426244,0.031100468437778035,1.0,0.0,0.00044941970118088647,1.0,1.0
46,46,46,56.5,,56.5,0.001332373531766579,0.03147528582746969,0.032453752225751024,0.5504482520366076,0.5940088206262812,0.5650000000000001,0.0004656549572246149,0.0013532837879729925,0.032453752225751024,1.0,0.0,0.0004656549572246149,1.0,1.0
47,47,47,56.5,,56.5,0.0013613475826584744,0.032836633410128165,0.03383600449279089,0.551987765204899,0.5922639935692817,0.5650000000000001,0.0004582536392263137,0.0013822522670398597,0.03383600449279089,1.0,0.0,0.0004582536392263137,1.0,1.0
48,48,48,56.7,,56.7,0.0013899186896910044,0.03422655209981917,0.03524679193433696,0.5519817204081656,0.5885361966161613,0.5670000000000001,0.00043222313106525687,0.0014107874415460742,0.03524679193433696,1.0,0.0,0.00043222313106525687,1.0,1.0
49,49,49,57.1,,57.1,0.0014184160970499198,0.03564496819686909,0.0366860337518496,0.5578462886635491,0.5939610192375928,0.571,0.000536866184847895,0.0014392418175126407,0.0366860337518496,1.0,0.0,0.000536866184847895,1.0,1.0
50,50,50,57.0,,57.0,0.0014475901873937807,0.03709255838426287,0.03815451043386113,0.5560781483130863,0.5926154878173788,0.57,0.00039985628536669536,0.0014684766820115263,0.03815451043386113,1.0,0.0,0.00039985628536669536,1.0,1.0
51,51,51,56.5,,56.5,0.0014765416235038562,0.03856910000776673,0.03965188007889821,0.5497676828364336,0.5834956618546399,0.5650000000000001,0.000489261384063866,0.0014973696450370788,0.03965188007889821,1.0,0.0,0.000489261384063866,1.0,1.0
52,52,52,56.6,,56.6,0.0015048771644354342,0.04007397717220216,0.041177642653314944,0.5507388236256733,0.5921158064670292,0.5660000000000001,0.0006727915751980618,0.0015257625744167372,0.041177642653314944,1.0,0.0,0.0006727915751980618,1.0,1.0
53,53,53,56.3,,56.3,0.0015340830644474705,0.04160806023664963,0.042732602084466095,0.5492341857196752,0.590716371070668,0.563,0.0004543785937130451,0.0015549594311511524,0.042732602084466095,1.0,0.0,0.0004543785937130451,1.0,1.0
54,54,54,57.0,,57.0,0.0015629835039442186,0.04317104374059385,0.04431644613220657,0.5542830832446153,0.5872335739259652,0.57,0.00046142433711793274,0.0015838440477404729,0.04431644613220657,1.0,0.0,0.00046142433711793274,1.0,1.0
55,55,55,56.5,,56.5,0.001591491788825508,0.044762535529419355,0.0459284365405203,0.5473514466576115,0.5902119803509179,0.565,0.0005398304871050641,0.0016119904083137274,0.0459284365405203,1.0,0.0,0.0005398304871050641,1.0,1.0
56,56,56,56.7,,56.7,0.0016204774278859458,0.0463830129573053,0.04756978711314355,0.5534880546404446,0.5896512723094995,0.567,0.00040773257496766745,0.0016413505726232515,0.04756978711314355,1.0,0.0,0.00040773257496766745,1.0,1.0
57,57,57,56.2,,56.2,0.0016496436001862643,0.04803265655749156,0.04924028432850742,0.5454638478540879,0.5823466932946203,0.562,0.000691147662291769,0.0016704972153638684,0.04924028432850742,1.0,0.0,0.000691147662291769,1.0,1.0
58,58,58,56.4,,56.4,0.0016785325234907884,0.04971118908098235,0.050939671252275685,0.5485371417298829,0.5868572857952024,0.5640000000000001,0.00048564478347543625,0.0016993869237682654,0.050939671252275685,1.0,0.0,0.00048564478347543625,1.0,1.0
59,59,59,56.1,,56.1,0.0017069821456406368,0.05141817122662298,0.05266754115610654,0.548039670791216,0.5806947748074214,0.5609999999999998,0.0008467568637570366,0.0017278699038308593,0.05266754115610654,1.0,0.0,0.0008467568637570366,1.0,1.0
60,60,60,56.7,,56.7,0.0017358260723727753,0.05315399729899576,0.05442422897631798,0.5507880104886871,0.5909085816377858,0.567,0.0004582870395097416,0.0017566878202114435,0.05442422897631798,1.0,0.0,0.0004582870395097416,1.0,1.0
61,61,61,56.6,,56.6,0.001765040121281622,0.05491903742027738,0.056210115396789016,0.5526427314856124,0.588390268142422,0.5660000000000001,0.0004134932591114193,0.0017858864204710319,0.056210115396789016,1.0,0.0,0.0004134932591114193,1.0,1.0
62,62,62,56.6,,56.6,0.0017936104459096325,0.05671264786618701,0.058024601741491856,0.5536733613672251,0.5927843788197292,0.5660000000000001,0.0005081644259917085,0.001814486344702842,0.058024601741491856,1.0,0.0,0.0005081644259917085,1.0,1.0
63,63,63,56.6,,56.6,0.0018222077857140402,0.05853485565190105,0.059867698026793856,0.5506673645591655,0.5921453673250834,0.5660000000000001,0.0004267020587576553,0.001843096285301997,0.059867698026793856,1.0,0.0,0.0004267020587576553,1.0,1.0
64,64,64,56.9,,56.9,0.0018512280849953212,0.06038608373689637,0.06173981142247695,0.5528454683932986,0.5886430795491329,0.569,0.00042219093593303113,0.0018721133956830925,0.06173981142247695,1.0,0.0,0.00042219093593303113,1.0,1.0
65,65,65,56.2,,56.2,0.0018798126266299396,0.06226589636352631,0.06364049414258637,0.5475802597295034,0.5877515322762032,0.5619999999999999,0.0004601755295880139,0.0019006827201094173,0.06364049414258637,1.0,0.0,0.0004601755295880139,1.0,1.0
66,66,66,56.4,,56.4,0.0019082779754331187,0.06417417433895943,0.06556967988091543,0.5484539428845208,0.590271474586638,0.5640000000000001,0.000521358466357924,0.0019291857383290701,0.06556967988091543,1.0,0.0,0.000521358466357924,1.0,1.0
67,67,67,56.6,,56.6,0.0019374357824472022,0.06611161012140664,0.06752801476088599,0.5511230547970228,0.5878501479606013,0.5660000000000001,0.0004792034975253046,0.0019583348799705642,0.06752801476088599,1.0,0.0,0.0004792034975253046,1.0,1.0
68,68,68,56.5,,56.5,0.0019660088697238468,0.06807761899113049,0.06951453940602868,0.5523570375805119,0.5897460906042753,0.5650000000000001,0.00044773992340196855,0.0019865246451426866,0.06951453940602868,1.0,0.0,0.00044773992340196855,1.0,1.0
69,69,69,56.2,,56.2,0.0019943797621277473,0.07007199875325823,0.07152984332404416,0.547158356212428,0.5844338168694605,0.562,0.000389398309198441,0.002015303918015484,0.07152984332404416,1.0,0.0,0.000389398309198441,1.0,1.0
70,70,70,35.0,56.5,45.75,0.0028324536807348625,0.07290445243399309,0.07437249429964403,0.45620234895301515,0.4746580175495576,0.4575,1.9999562561511994,0.0028426509755998665,0.07437249429964403,0.3019523700195892,1.2839964896440506,1.4994458496570586,0.32912786360065904,0.27990000000000004
71,71,71,39.8,56.7,48.25,0.002884493268223566,0.07578894570221666,0.07726679665747435,0.4855478989206376,0.5128969351001739,0.48250000000000004,0.9176888465881348,0.0028943023578303214,0.07726679665747435,0.5515355856917125,0.786874058842659,0.8268256604671478,0.552118793923038,0.5514285714285715
72,72,72,39.7,56.1,47.9,0.002936484201668783,0.07872542990388544,0.08021341507694779,0.4811143535999052,0.5159331472416472,0.4789999999999999,0.6846649736166001,0.0029466184194734415,0.08021341507694779,0.7772843729962152,0.4820922389626503,0.5435653254389763,0.7774639973679153,0.7772727272727272
73,73,73,39.1,57.0,48.05,0.002988719119921659,0.0817141490238071,0.08321223171994757,0.48189767207339607,0.5080477472091756,0.4805,0.5055241405963897,0.0029988166429997854,0.08321223171994757,0.9144590726764115,0.3727444052696228,0.4132878094911575,0.9145434637302747,0.9143999999999999
74,74,74,41.3,57.7,49.5,0.003041242967166365,0.08475539199097346,0.08626320712948982,0.4958779941369661,0.5289977471366927,0.495,0.37529136091470716,0.0030509754095422426,0.08626320712948982,0.9532007736555299,0.3052740655839443,0.32700391113758087,0.9532295885600517,0.9532
75,75,75,41.1,56.2,48.65,0.0030935002510506246,0.08784889224202408,0.0893663562423148,0.4877366288208088,0.5194419954973689,0.48650000000000004,0.26085359454154966,0.003103149112824986,0.0893663562423148,0.9781925811116976,0.28044764026999475,0.2753079257905483,0.9781991409004972,0.9781999999999998
76,76,76,42.5,56.1,49.3,0.0031455107801938724,0.09099440302221795,0.09252195848957372,0.49525401964913945,0.5292843073687257,0.4929999999999999,0.18442442491650582,0.0031556022472589117,0.09252195848957372,0.9918035406134305,0.2582720756530762,0.2368733748793602,0.9918189944906409,0.9918000000000001
77,77,77,42.9,57.1,50.0,0.003198025235669622,0.09419242825788757,0.09573010365631585,0.5021203176303313,0.5393526935996447,0.4999999999999999,0.1344539776444435,0.0032081451667421313,0.09573010365631585,0.9962007847850669,0.24343333318829535,0.21150925233960152,0.9962087585402134,0.9962
78,78,78,41.8,56.3,49.05,0.0032504303784071805,0.09744285863629475,0.09899030373771132,0.4935431451843221,0.5272766183999102,0.49049999999999994,0.10112226344645023,0.003260200081395483,0.09899030373771132,0.9977997916009412,0.22066594883799553,0.18558159843087196,0.9978059641766166,0.9978
79,79,79,43.5,56.2,49.85,0.00330244938662368,0.10074530802291842,0.10230281680891026,0.49999706234454494,0.5387183576790381,0.49849999999999994,0.07694208770990371,0.0033125130711989317,0.10230281680891026,0.9990001986013963,0.21659009233117105,0.17548247277736664,0.9990023920286916,0.9989999999999999
80,80,80,42.6,55.2,48.9,0.003354860253232044,0.10410016827615047,0.10566771691930792,0.48875868460372696,0.5288971929698313,0.48900000000000005,0.06347298584878444,0.0033649001103976555,0.10566771691930792,0.9991995985983962,0.2278967410326004,0.1793696776032448,0.9992007968031873,0.9992000000000001
81,81,81,42.9,54.3,48.6,0.0034070646014420134,0.10750723287759248,0.1090848656784781,0.4885283832154713,0.5330554789291607,0.48599999999999993,0.0517853744328022,0.00341714875917018,0.1090848656784781,0.9995999997999998,0.2018154002726078,0.1576084654778242,0.9996003992015968,0.9996
82,82,82,43.3,55.1,49.2,0.003459497869484994,0.11096673074707747,0.11255431587514989,0.49260957283470946,0.5365482293117231,0.4919999999999999,0.04213431663811207,0.003469450196671788,0.11255431587514989,0.9997999997999998,0.19414867907762529,0.14935532920062541,0.9998003992015967,0.9998000000000001
83,83,83,43.6,54.0,48.8,0.0035119003248856337,0.1144786310719631,0.11607624099081022,0.4880411396805215,0.5370231183194546,0.488,0.037715806253254415,0.0035219251156603324,0.11607624099081022,0.9997999997999998,0.1761128395795822,0.13540630266070366,0.9998003992015967,0.9998000000000001
84,84,84,43.6,53.9,48.75,0.0035645044774510796,0.11804313554941417,0.11965043247758399,0.4872656297011141,0.5318534554205437,0.48749999999999993,0.03542862180620432,0.0035741914867737667,0.11965043247758399,0.9997999997999998,0.18635037094354628,0.14189509861171246,0.9998003992015967,0.9998000000000001
85,85,85,43.8,53.3,48.55,0.0036168123520966726,0.12165994790151084,0.12327695013752517,0.48772085917445807,0.5367978628367281,0.48550000000000004,0.031733063980937004,0.0036265176599411847,0.12327695013752517,0.9997999997999998,0.180115307867527,0.13642681613564492,0.9998003992015967,0.9998000000000001
86,86,86,43.7,54.5,49.1,0.003668954449876279,0.12532890235138713,0.12695581030599012,0.49254962100984034,0.5394043707430761,0.49099999999999994,0.027055283542722464,0.0036788601684649494,0.12695581030599012,1.0,0.17372484430670737,0.130553625151515,1.0,1.0
87,87,87,44.3,54.0,49.15,0.0037213956155074217,0.12905029796689454,0.13068727333744437,0.49397433726735585,0.5444278328534747,0.4915,0.02283737836405635,0.0037314630314542337,0.13068727333744437,1.0,0.15728836953639985,0.1177853275090456,1.0,1.0
88,88,88,45.1,53.6,49.35,0.003774083366147623,0.13282438133304217,0.13447139035666966,0.49370776125941995,0.550122115641016,0.49349999999999994,0.02062515849247575,0.0037841170192252837,0.13447139035666966,1.0,0.14550018161535264,0.10886949300765991,1.0,1.0
89,89,89,45.1,54.8,49.95,0.0038263853193492526,0.13665076665239143,0.1383074855651128,0.5004130767011888,0.548735537611593,0.4995000000000001,0.021348829567432403,0.003836095208443143,0.1383074855651128,1.0,0.13178727477788926,0.09949113503098488,1.0,1.0
90,90,90,43.9,53.3,48.6,0.0038788371151728973,0.14052960376756432,0.1421959202028942,0.4879579863738603,0.543291523742735,0.48600000000000004,0.01708454517647624,0.0038884346377814033,0.1421959202028942,1.0,0.13457136712968348,0.1001626592129469,1.0,1.0
91,91,91,44.4,52.6,48.5,0.003930843645154537,0.14446044741271885,0.14613679320239026,0.4861973911310084,0.5374461471402806,0.485,0.017303207097575067,0.00394087299949604,0.14613679320239026,1.0,0.12950657047331332,0.09668550826609135,1.0,1.0
92,92,92,46.0,52.2,49.1,0.003983363289467084,0.14844381070218593,0.1501301141146121,0.49227382367086897,0.5520408771195877,0.491,0.014565496379509569,0.003993320912221845,0.1501301141146121,1.0,0.12773484736680984,0.09462527818977833,1.0,1.0
93,93,93,45.9,51.2,48.55,0.004035967175677147,0.15247977787786307,0.1541760112867144,0.48692919419208824,0.5424324226640944,0.48550000000000004,0.014854679256677628,0.004045897172102287,0.1541760112867144,1.0,0.1231105275452137,0.09147791117429734,1.0,1.0
94,94,94,44.3,52.6,48.45,0.004088445318793837,0.15656822319665692,0.1582740425347666,0.48602435051362375,0.5449585529985271,0.4845,0.014425238640978933,0.004098031248052202,0.1582740425347666,1.0,0.11404967382550239,0.08500986285507679,1.0,1.0
95,95,95,45.4,51.5,48.45,0.004140760200459337,0.16070898339711626,0.16242441722364082,0.48562286636795804,0.5421310786677063,0.48450000000000015,0.012240458140149712,0.00415037468887423,0.16242441722364082,1.0,0.11244770660996437,0.0832343976944685,1.0,1.0
96,96,96,46.1,52.6,49.35,0.004192901985933279,0.16490188538304953,0.16662727655796208,0.4940273975922983,0.5510441271759918,0.49350000000000005,0.012208768771961332,0.004202859334321263,0.16662727655796208,1.0,0.12336452566087246,0.090866207331419,1.0,1.0
97,97,97,45.4,51.1,48.25,0.004245494084931482,0.16914737946798103,0.17088272569952756,0.4841990267241706,0.5444749040259187,0.48250000000000004,0.011277078744024038,0.004255449141565481,0.17088272569952756,1.0,0.11173519603908062,0.08244997151196003,1.0,1.0
98,98,98,45.7,51.8,48.75,0.0042981081166883406,0.17344548758466938,0.1751907959740584,0.4898151305951421,0.551677203129641,0.48749999999999993,0.01147925783880055,0.0043080702745308475,0.1751907959740584,1.0,0.11548407599329949,0.08513960093259812,1.0,1.0
99,99,99,46.8,51.6,49.2,0.004350587099488202,0.1777960746841576,0.17955096940292514,0.49405163552652126,0.5544170096678451,0.492,0.011382726323790848,0.004360173428866746,0.17955096940292514,1.0,0.12150161154568195,0.08932475037872792,1.0,1.0
100,100,100,44.7,51.1,47.9,0.004403013800111529,0.1821990884842691,0.1839636538281886,0.48168673949840357,0.5457017560735256,0.479,0.010268614580854773,0.00441268442526347,0.1839636538281886,1.0,0.10417859256267548,0.07686678506433964,1.0,1.0
101,101,101,46.0,50.9,48.45,0.004455755643899823,0.18665484412816893,0.18842904314536754,0.48686311896724277,0.5464958346282772,0.4845,0.009929788555018604,0.004465389317178949,0.18842904314536754,1.0,0.08240612372756004,0.06152157969772816,1.0,1.0
102,102,102,45.6,51.6,48.6,0.0045079739611795025,0.19116281808934843,0.19294701408905687,0.4877026861993888,0.5477550943628138,0.48600000000000004,0.008996758260764182,0.004517970943689321,0.19294701408905687,1.0,0.07093749307096005,0.05321273319423199,1.0,1.0
103,103,103,45.6,52.0,48.8,0.004560424811835746,0.19572324290118417,0.19751739249671074,0.4884092058436759,0.5461239202789578,0.4880000000000001,0.010502325906418263,0.004570378407653876,0.19751739249671074,0.9997999997999998,0.07656994294375181,0.057608521170914175,0.9998003992015967,0.9998000000000001
104,104,104,46.2,51.3,48.75,0.004612903038714219,0.2003361459398984,0.20214024902701422,0.4904556204440406,0.5569871396678995,0.4875,0.010324394120834768,0.004622856530303479,0.20214024902701422,1.0,0.07711637485772371,0.05793829709291458,1.0,1.0
105,105,105,46.3,51.6,48.95,0.004665354094456224,0.20500150003435463,0.206815156396244,0.48997914950877836,0.5492763019036022,0.48949999999999994,0.009225702378898859,0.004674907369229788,0.206815156396244,1.0,0.06769324820488691,0.051010612212121484,1.0,1.0
106,106,106,45.8,51.1,48.45,0.004717724569994669,0.2097192246043493,0.2115425226276479,0.48804365650883064,0.5507323789105908,0.48450000000000004,0.009160101017914712,0.004727366231403873,0.2115425226276479,1.0,0.06867920514196157,0.051682332344353196,1.0,1.0
107,107,107,46.7,51.8,49.25,0.004769944201312178,0.2144891688056615,0.21632239837262326,0.4942883987970898,0.5592441122391445,0.4925,0.008827762119472027,0.004779875744975378,0.21632239837262326,1.0,0.0642196049913764,0.048459350131452084,1.0,1.0
108,108,108,45.9,51.9,48.9,0.004822542569795868,0.21931171137545735,0.2211549172702654,0.4903409717475779,0.5535797181481071,0.48900000000000005,0.008919231104664504,0.0048325188976421464,0.2211549172702654,1.0,0.06535358373075724,0.049281074479222295,1.0,1.0
109,109,109,46.2,51.4,48.8,0.004874847144908891,0.22418655852036623,0.2260398151169993,0.4897037287180857,0.553690436252624,0.488,0.009284516097977757,0.004884897846733906,0.2260398151169993,0.9997999997999998,0.07460837103426457,0.055871936678886416,0.9998003992015967,0.9997999999999999
110,110,110,46.2,51.4,48.8,0.004927640510403743,0.22911419903076996,0.2309769243626682,0.48853761370487775,0.551854705600655,0.4880000000000001,0.008666991139762104,0.004937109245668909,0.2309769243626682,1.0,0.06419846452772618,0.04839729033410549,1.0,1.0
111,111,111,45.7,51.1,48.4,0.0049801106180239856,0.23409430964879394,0.2359669695710716,0.48529915811088714,0.5499902498865548,0.4840000000000001,0.008401822461746634,0.004990045208403402,0.2359669695710716,1.0,0.06084535662084818,0.04596867635846138,1.0,1.0
112,112,112,46.7,51.1,48.9,0.0050329352984630985,0.23912724494725704,0.24100988638232193,0.49120999451253955,0.5558452035002517,0.48900000000000005,0.008074056333862245,0.005042916811250329,0.24100988638232193,1.0,0.06301081795245408,0.047387922182679176,1.0,1.0
113,113,113,45.9,50.8,48.35,0.005085548114971239,0.2442127930622283,0.24610538607139582,0.4845258052028929,0.5460744860018653,0.4835,0.008699157950468361,0.005095499689073885,0.24610538607139582,1.0,0.06268602479249238,0.04734868369996548,1.0,1.0
114,114,114,45.9,50.9,48.4,0.005138023637880972,0.24935081670010925,0.2512529587890122,0.48497906306793875,0.5478755186717132,0.4840000000000001,0.008841309952549637,0.005147572717616372,0.2512529587890122,1.0,0.06665550898760557,0.05017193481326103,1.0,1.0
115,115,115,46.5,51.8,49.15,0.005190712253714937,0.2545415289538242,0.25645361056827076,0.4929277455469088,0.5551980210824067,0.4915,0.008748173830099404,0.005200651779258542,0.25645361056827076,1.0,0.0685391616076231,0.05146276485174894,1.0,1.0
116,116,116,46.6,50.2,48.4,0.005243139281982552,0.25978466823580676,0.2617067315955312,0.48469307009937657,0.5517853348880608,0.484,0.008150999271310865,0.00525312102726046,0.2617067315955312,1.0,0.061107275635004045,0.046079484187066554,1.0,1.0
117,117,117,45.9,51.4,48.65,0.005295639466923615,0.2650803077027304,0.26701190225987004,0.48785387601993946,0.5504258648656613,0.48650000000000004,0.007633060147054493,0.005305170664338842,0.26701190225987004,1.0,0.06422182451933622,0.04810556154698133,1.0,1.0
118,118,118,45.6,51.3,48.45,0.005348301124774468,0.27042860882750486,0.2723698085676167,0.48429977122394546,0.5491396562327532,0.4845,0.008453957922756671,0.005357906307746674,0.2723698085676167,1.0,0.06002997774630785,0.0454160837456584,1.0,1.0
119,119,119,46.7,50.0,48.35,0.0054006915934945955,0.27582930042099946,0.27778009530167863,0.48349874633221945,0.5524929075530154,0.4835,0.008475890709087252,0.0054102867340619035,0.27778009530167863,1.0,0.061041679419577125,0.04613071763888001,1.0,1.0
120,120,120,45.5,50.9,48.2,0.00545327991172904,0.2812825803327285,0.28324296704896174,0.48479834629716,0.5518883574272848,0.48200000000000004,0.008309542783536017,0.005462871747283114,0.28324296704896174,1.0,0.06177946384996176,0.04659837242215872,1.0,1.0
121,121,121,46.3,51.8,49.05,0.005505740214304805,0.2867883205470333,0.28875827536978843,0.49318229249849094,0.5529480124453289,0.49050000000000005,0.008335390500724316,0.005515308320826674,0.28875827536978843,1.0,0.06157841347157955,0.04646507166326046,1.0,1.0
122,122,122,46.5,51.0,48.75,0.005557898329409154,0.29234621887644247,0.29432612134133074,0.489641130257734,0.5577272446840752,0.4875,0.007990106474608183,0.005567845971542318,0.29432612134133074,1.0,0.05782668348401785,0.04373458530753851,1.0,1.0
123,123,123,46.0,50.9,48.45,0.005611055524044238,0.2979572744004867,0.2999467236415617,0.4863734886076809,0.5490780459802012,0.48450000000000004,0.007898365333676338,0.005620602300230965,0.2999467236415617,1.0,0.06085037849843502,0.04582605548202991,1.0,1.0
124,124,124,45.9,51.2,48.55,0.00566389455160361,0.3036211689520903,0.30562006426107996,0.486613633455015,0.5496710667983461,0.48550000000000004,0.007699368568137288,0.00567334061951826,0.30562006426107996,1.0,0.05869936253875494,0.04425667487084865,1.0,1.0
125,125,125,45.7,50.9,48.3,0.0057165229769192095,0.3093376919290095,0.31134617360106515,0.48403609528467273,0.5512908305794066,0.483,0.009238956891931594,0.0057261093399851816,0.31134617360106515,1.0,0.0642274959012866,0.04859212525188923,1.0,1.0
126,126,126,47.6,50.8,49.2,0.005769019346226784,0.31510671127523626,0.3171247340595359,0.4920168026151571,0.5607920903587219,0.4920000000000001,0.007522713299840689,0.005778560458470777,0.3171247340595359,1.0,0.06415881365537643,0.048028339818120006,1.0,1.0
127,127,127,47.0,50.5,48.75,0.005821482698169238,0.3209281939734055,0.3229557968342298,0.4892703569614626,0.5607886968435676,0.4875,0.0073819398181512955,0.005831062774693901,0.3229557968342298,1.0,0.05770658999681473,0.04347081519663334,1.0,1.0
128,128,128,46.7,50.7,48.7,0.00587369354561435,0.32680188751901984,0.3288395200052375,0.48932559654353136,0.5583197234247304,0.48699999999999993,0.008658178336918353,0.0058837231710076494,0.3288395200052375,1.0,0.0615489499643445,0.046543330885469913,1.0,1.0
129,129,129,46.0,51.5,48.75,0.005926196507320224,0.3327280840263401,0.33477564500177603,0.4887527507111482,0.5549237945312279,0.4875000000000001,0.0072869710391387345,0.005936124996538575,0.33477564500177603,1.0,0.056570081412792204,0.04264630572870374,1.0,1.0
130,130,130,45.8,50.7,48.25,0.0059790251262601835,0.33870710915260027,0.34076461766973354,0.4840713930780547,0.5495752478747464,0.48249999999999993,0.007272703829221428,0.005988972667957481,0.34076461766973354,1.0,0.05518259070813656,0.041670542769134046,1.0,1.0
131,131,131,46.8,51.0,48.9,0.00603164870601654,0.3447387578586168,0.3468062404079231,0.4911030882679238,0.5551958076505354,0.48900000000000005,0.008210639655590057,0.006041622738189602,0.3468062404079231,1.0,0.06388525553047657,0.04804442301392555,1.0,1.0
132,132,132,46.5,50.2,48.35,0.006084066562510151,0.35082282442112694,0.35290029725473043,0.4850224534081303,0.5484344958836838,0.4835000000000001,0.006792131182737649,0.00609405684680733,0.35290029725473043,1.0,0.056235140189528465,0.04226377159357071,1.0,1.0
133,133,133,46.7,51.4,49.05,0.0061367191774898844,0.3569595435986168,0.359046968940623,0.4930764789148127,0.5573608913717993,0.49050000000000005,0.0077680377289652824,0.0061466716858925696,0.359046968940623,1.0,0.057714120112359525,0.04359251670539379,1.0,1.0
134,134,134,46.0,50.5,48.25,0.006189095691818651,0.36314863929043545,0.3652460670586401,0.4846255463473482,0.5482488332968711,0.4825000000000001,0.008310338668525218,0.006199098118017125,0.3652460670586401,1.0,0.06325004119426011,0.04763128357008099,1.0,1.0
135,135,135,46.0,50.4,48.2,0.006241614114893023,0.3693902534053285,0.37149761253648805,0.48373763311885387,0.5468036680186461,0.4820000000000001,0.00780849251896143,0.006251545477847951,0.37149761253648805,1.0,0.057399609498679637,0.04338139444589615,1.0,1.0
136,136,136,46.7,50.6,48.65,0.0062939696372638215,0.3756842230425923,0.3778015588604369,0.4881454803189512,0.556131488941894,0.48649999999999993,0.00710938642732799,0.0063039463239488915,0.3778015588604369,1.0,0.056728942506015304,0.042703934013843536,1.0,1.0
137,137,137,46.3,50.6,48.45,0.006346429147623228,0.38203065219021554,0.384157542651577,0.4865527577580487,0.5500182994341454,0.48450000000000004,0.007190496427938342,0.006355983791140048,0.384157542651577,1.0,0.058085983246564867,0.0436780828051269,1.0,1.0
138,138,138,46.0,51.0,48.5,0.006399218209673682,0.38842987039988924,0.3905661840943086,0.48739852347314494,0.5519704313803401,0.485,0.007470716862007976,0.006408641442731626,0.3905661840943086,1.0,0.05573178790509701,0.04211494121700525,1.0,1.0
139,139,139,46.5,50.6,48.55,0.006452047645461567,0.39488191804535083,0.3970281711359876,0.4877359787285232,0.5557642517678862,0.48550000000000004,0.007435013190843165,0.006461987041679018,0.3970281711359876,1.0,0.056735077500343324,0.0428066280670464,1.0,1.0
140,140,140,34.0,49.0,44.0,0.0073034662687771965,0.40218538431412804,0.4043247574904042,0.4309812270922773,0.44531364093220316,0.44,2.5711365908384325,0.007296586354416606,0.4043247574904042,0.29968292539034747,1.1073526203632356,1.5470213800668717,0.3500201682332586,0.2628571428571429
141,141,141,37.9,49.15,45.4,0.007372767354374879,0.4095581516685029,0.4116905568979397,0.4468165619496027,0.4652176342823582,0.45399999999999996,0.7267186611890792,0.007365799407535517,0.4116905568979397,0.4171518871894241,0.6399088799953461,0.6665397673845291,0.4192689394768376,0.41530000000000006
142,142,142,37.5,49.65,45.6,0.007442122148986543,0.41700027381748944,0.4191257189209051,0.44953275122476677,0.4714520283726398,0.456,0.5130245968699455,0.007435162022965411,0.4191257189209051,0.5948530792088904,0.4083764597773552,0.4403685823082924,0.5952999679177864,0.5946666666666666
143,143,143,37.4,50.6,46.2,0.007511392688822416,0.42451166650631184,0.42663024799562876,0.4554024215041545,0.4763060997826287,0.462,0.3653663083910942,0.007504529074723667,0.42663024799562876,0.7223465623396745,0.2994408383965492,0.3198220327496529,0.7225996312918007,0.7221538461538461
144,144,144,37.8,50.25,46.1,0.007580791835613509,0.43209245834192533,0.4342039136942196,0.4533775365998542,0.4739401170894665,0.46099999999999997,0.26521472707390786,0.007573665698590869,0.4342039136942196,0.9689842201932818,0.277014983445406,0.2740897960960865,0.9690191885823228,0.9690000000000001
145,145,145,39.3,49.6,46.166666666666664,0.007650360623838877,0.4397428189657642,0.4418471471483491,0.454478700471368,0.4773847104475457,0.4616666666666667,0.19624627009034157,0.007643233454129502,0.4418471471483491,0.9823929772428203,0.27383132502436636,0.2511829353868961,0.9824059813920538,0.9823999999999999
146,146,146,37.6,49.85,45.766666666666666,0.00771986514307152,0.4474626841088358,0.4495598885149882,0.4500777497005022,0.47051347616358474,0.45766666666666667,0.14780776612460614,0.007712741366639096,0.4495598885149882,0.992003710039997,0.2584823206067085,0.2259191557765007,0.9920264637423394,0.992
147,147,147,38.4,50.15,46.233333333333334,0.00778949101122698,0.4552521751200628,0.4573423616912206,0.4559244317778699,0.47788525596561127,0.4623333333333333,0.10858941450715065,0.007782473176232416,0.4573423616912206,0.9965993905776894,0.22731801345944405,0.19234740138053893,0.9966043816557736,0.9965999999999999
148,148,148,37.8,49.85,45.833333333333336,0.0078594306135237,0.46311160573358645,0.46519433657159026,0.45188953965935746,0.47643239613851257,0.4583333333333333,0.08518257401883603,0.007851974880369653,0.46519433657159026,0.9982009956045836,0.2162310615181923,0.17756776586174966,0.9982051800780907,0.9982
149,149,149,38.2,49.4,45.666666666666664,0.007928528774170045,0.4710401345077565,0.4731157745553105,0.4508660519909265,0.47506969586002856,0.4566666666666666,0.07005300261080265,0.007921437983720261,0.4731157745553105,0.9990001994001995,0.19877244532108307,0.1608161609619856,0.9990011976047903,0.9989999999999999
150,150,150,38.0,50.0,46.0,0.007998130129149498,0.479038264636906,0.48110689973650816,0.45215710993222286,0.4721092923047033,0.4600000000000001,0.050648635253310204,0.007991125181197678,0.48110689973650816,1.0,0.17270631492137908,0.13674917370080947,1.0,1.0
151,151,151,38.7,49.85,46.13333333333333,0.008067834806756899,0.4871060994436629,0.48916772514536233,0.45525871886614755,0.47946339366423607,0.4613333333333334,0.04396119536831975,0.008060825408854179,0.48916772514536233,0.9997999997999998,0.16549599319696426,0.1297020934522152,0.9998003992015967,0.9997999999999999
152,152,152,38.7,50.5,46.56666666666667,0.008137664824750845,0.49524376426841377,0.4972981998364714,0.45821037879507637,0.4815396952632986,0.4656666666666667,0.03661576611921191,0.00813047469110905,0.4972981998364714,1.0,0.18195797875523567,0.1390281066298485,1.0,1.0
153,153,153,39.9,50.1,46.7,0.008207754617533992,0.5034515188859477,0.5054985811275103,0.460523823870938,0.4823492524454339,0.4669999999999999,0.034587299823760985,0.008200381291039005,0.5054985811275103,1.0,0.16984529793262482,0.12994733192026614,1.0,1.0
154,154,154,39.0,50.05,46.36666666666667,0.00827727115379684,0.5117287900397446,0.5137684620818505,0.4566254764581424,0.48037065658392036,0.4636666666666666,0.02989621041342616,0.00826988095434012,0.5137684620818505,1.0,0.1803564175963402,0.13590218015015126,1.0,1.0
155,155,155,40.0,49.7,46.46666666666667,0.00834690970771269,0.5200756997474573,0.5221079992469725,0.45744580365100285,0.47891351987225145,0.46466666666666673,0.026649219170212745,0.008339537165122044,0.5221079992469725,1.0,0.17203354761004447,0.12910086661577225,1.0,1.0
156,156,156,39.9,49.2,46.1,0.008415893340946142,0.5284915930884034,0.5305168220123899,0.45528393200903267,0.47585616764312616,0.461,0.022748545091599227,0.008408822765417432,0.5305168220123899,1.0,0.14044928997755052,0.1058209590613842,1.0,1.0
157,157,157,38.0,49.6,45.733333333333334,0.008485475189811374,0.5369770682782148,0.5389952190227435,0.44877594121223324,0.47145224136419195,0.45733333333333337,0.020252210460603236,0.00847839701035357,0.5389952190227435,1.0,0.1435201894491911,0.10722300671041012,1.0,1.0
158,158,158,38.6,50.15,46.3,0.008555111699166031,0.5455321799773808,0.5475432677923691,0.45579381170487515,0.47986030589805556,0.46299999999999997,0.02048445716500282,0.008548048769625578,0.5475432677923691,1.0,0.1298116847872734,0.09769740402698517,1.0,1.0
159,159,159,39.4,49.6,46.2,0.008624741826048736,0.5541569218034296,0.5561608859340261,0.4553167869373025,0.47675944123530806,0.462,0.01970331626944244,0.008617618141657088,0.5561608859340261,1.0,0.145821925252676,0.10867493599653244,1.0,1.0
160,160,160,39.6,50.05,46.56666666666667,0.0086943758127683,0.5628512976161979,0.5648480931788569,0.4568214985431799,0.4767236431049445,0.4656666666666667,0.016577890329062938,0.008687207244830774,0.5648480931788569,1.0,0.13479942828416824,0.10002173855900764,1.0,1.0
161,161,161,39.6,49.8,46.4,0.008763961614156272,0.5716152592303542,0.573604968356878,0.45773293480569266,0.4805482050688489,0.4640000000000001,0.01803236622363329,0.0087568751780211,0.573604968356878,1.0,0.16386344246566295,0.12081029042601585,1.0,1.0
162,162,162,39.2,49.7,46.2,0.008833580794902304,0.5804488400252564,0.5824311033692963,0.455614792229716,0.478085880739061,0.46199999999999997,0.014024713169783353,0.008826135012418251,0.5824311033692963,1.0,0.15147686041891575,0.11093426942825317,1.0,1.0
163,163,163,38.5,50.25,46.333333333333336,0.008903127384417994,0.5893519674096744,0.5913268033842164,0.45522183237248665,0.4767224032990519,0.46333333333333326,0.01577911963686347,0.008895700014920087,0.5913268033842164,1.0,0.13312486782670022,0.09861486107110977,1.0,1.0
164,164,164,38.9,49.55,46.0,0.008972807881328185,0.5983247752910026,0.6002922114642109,0.4531911689088358,0.4772901214509251,0.45999999999999996,0.013013918232172728,0.008965408079994469,0.6002922114642109,1.0,0.13024012483656405,0.09576791189610959,1.0,1.0
165,165,165,38.6,49.75,46.03333333333333,0.009042132254226093,0.6073669075452287,0.6093269404651982,0.4528186453618461,0.4738298901088277,0.46033333333333337,0.01282837549224496,0.009034729000987349,0.6093269404651982,1.0,0.12403746247291565,0.09137043692171573,1.0,1.0
166,166,166,39.3,49.7,46.233333333333334,0.009111628209090589,0.6164785357543193,0.618430978207067,0.45621244305901953,0.4770347725070237,0.4623333333333333,0.01171455995645374,0.009104037741868824,0.618430978207067,1.0,0.12380735911428928,0.09087619222700596,1.0,1.0
167,167,167,39.9,49.5,46.3,0.009181092731727417,0.6256596284860467,0.6276046520537528,0.4560882429379402,0.47848138593767914,0.463,0.01326619922183454,0.009173673846685807,0.6276046520537528,1.0,0.12487570680677891,0.09209233336150646,1.0,1.0
168,168,168,39.4,49.8,46.333333333333336,0.00925017982988364,0.6349098083159304,0.6368478045197494,0.45561962391194605,0.4754355760462808,0.4633333333333333,0.012772617698647081,0.009243152465996616,0.6368478045197494,1.0,0.1339384399354458,0.09828881807625293,1.0,1.0
169,169,169,39.1,50.5,46.7,0.009319565071997117,0.6442293733879275,0.6461603024511176,0.45910158556921404,0.48093160049673345,0.46699999999999997,0.011663288832642138,0.009312497931368152,0.6461603024511176,1.0,0.12265659123659134,0.09005968198180199,1.0,1.0
170,170,170,40.3,50.0,46.766666666666666,0.009389327917141178,0.6536187013050687,0.6555425256241312,0.46086974659299235,0.48010152554952623,0.46766666666666673,0.010268016043119133,0.009382223173013616,0.6555425256241312,1.0,0.09408173374831677,0.06963947732001544,1.0,1.0
171,171,171,39.9,50.1,46.7,0.009458769899162396,0.6630774712042311,0.6649941806840795,0.45954918002005735,0.4812461591972195,0.4669999999999999,0.00944026953075081,0.009451655059948274,0.6649941806840795,1.0,0.0818627193570137,0.06083683390170336,1.0,1.0
172,172,172,39.3,50.0,46.43333333333333,0.009528381688316894,0.672605852892548,0.674515481538568,0.45798429224637366,0.47881211533641505,0.4643333333333334,0.00965661951340735,0.009521300854488504,0.674515481538568,1.0,0.0841298371553421,0.06248893775045872,1.0,1.0
173,173,173,39.4,49.85,46.36666666666667,0.00959815656588468,0.6822040094584327,0.6841060566517584,0.4580508927695339,0.4829840166547425,0.46366666666666667,0.009491829085163772,0.009590575113190341,0.6841060566517584,1.0,0.0781085142865777,0.05822326354682446,1.0,1.0
174,174,174,39.1,49.5,46.03333333333333,0.009667678235678491,0.6918716876941112,0.6937666213655116,0.4540937483455787,0.4757535497617819,0.4603333333333333,0.009922799561172724,0.009660564713753171,0.6937666213655116,1.0,0.07813917808234691,0.05837438479065895,1.0,1.0
175,175,175,39.3,50.3,46.63333333333333,0.009737350280685697,0.7016090379747969,0.703496905388154,0.46034845921905865,0.4823852970655106,0.4663333333333333,0.009899266692809761,0.00973028402264244,0.703496905388154,0.9997999997999998,0.07333900071680546,0.05500609315931797,0.9998003992015967,0.9998000000000001
176,176,176,39.0,50.15,46.43333333333333,0.009806991578905981,0.7114160295537029,0.7132968202610261,0.45864853812356954,0.47992384772992996,0.4643333333333334,0.009328971221111714,0.009799914872872153,0.7132968202610261,1.0,0.07826701905578375,0.058286833390593526,1.0,1.0
177,177,177,38.7,50.45,46.53333333333333,0.009876618880767235,0.72129264843447,0.7231660133706131,0.4588057426027262,0.48042510305815705,0.4653333333333334,0.008729551266878844,0.009869193109587008,0.7231660133706131,1.0,0.0721611175686121,0.0538313303142786,1.0,1.0
178,178,178,39.3,49.85,46.333333333333336,0.009946135776798709,0.7312387842112688,0.7331047807759337,0.456520901077951,0.48085461385057626,0.4633333333333333,0.010053166258148848,0.009938767405320539,0.7331047807759337,1.0,0.07217050641775132,0.05423555430024862,1.0,1.0
179,179,179,39.7,49.8,46.43333333333333,0.010015833118920577,0.7412546173301894,0.7431131894519057,0.45832858168067653,0.47743762101196435,0.4643333333333334,0.00892323583830148,0.010008408675972085,0.7431131894519057,1.0,0.07084048502147197,0.05296393167227507,1.0,1.0
180,180,180,40.0,49.75,46.5,0.010085497573472449,0.7513401149036618,0.7531912345884348,0.4581881554642602,0.4777447504274243,0.46499999999999997,0.009112631389871239,0.010078045136529152,0.7531912345884348,1.0,0.07179528884589673,0.053689923323690894,1.0,1.0
181,181,181,39.0,49.55,46.03333333333333,0.010155057159184126,0.7614951720628459,0.7633388812770286,0.454424748423576,0.47456839376010723,0.46033333333333337,0.00981368359643966,0.010147646688593751,0.7633388812770286,1.0,0.07072433643043041,0.05315256305038929,1.0,1.0
182,182,182,38.8,49.9,46.2,0.01022445453674879,0.7717196265995947,0.7735558953815722,0.4556781989615371,0.4753859329363209,0.462,0.0090410077245906,0.010217014104543511,0.7735558953815722,1.0,0.06888605318963528,0.05163204111158848,1.0,1.0
183,183,183,39.3,49.9,46.36666666666667,0.010293697364646727,0.7820133239642414,0.7838426116017658,0.45593903203473235,0.47470422125576267,0.4636666666666667,0.00930100935511291,0.010286716220193653,0.7838426116017658,1.0,0.0736591262742877,0.05505218952894211,1.0,1.0
184,184,184,39.0,50.25,46.5,0.010363266270922175,0.7923765902351636,0.7941988134774093,0.45732812450803667,0.4788940265645669,0.465,0.008296634210273624,0.010356201875643498,0.7941988134774093,1.0,0.06242452934384346,0.04688380416482687,1.0,1.0
185,185,185,38.7,49.5,45.9,0.010432777841013149,0.8028093680761768,0.8046241743499614,0.4516084683728465,0.4713520821626936,0.45899999999999996,0.008473588014021515,0.010425360872552136,0.8046241743499614,1.0,0.06632083188742399,0.04966516848653555,1.0,1.0
186,186,186,39.8,49.7,46.4,0.010502487234937656,0.8133118553111144,0.8151192069103553,0.45683135656643975,0.4749844713057998,0.464,0.008143478445708752,0.010495032560393958,0.8151192069103553,1.0,0.06650093011558056,0.04969152975827455,1.0,1.0
187,187,187,38.5,49.75,46.0,0.01057198706237143,0.8238838423734858,0.8256838656194547,0.4542530836785034,0.4769045943126339,0.46,0.008600094798021018,0.010564658709099443,0.8256838656194547,1.0,0.06816194523125887,0.050991977378726,1.0,1.0
188,188,188,38.4,49.95,46.1,0.010641409934415346,0.8345252523079011,0.836317916735102,0.45485856157994464,0.4768587907519543,0.46099999999999997,0.007966416142880916,0.01063405111564725,0.836317916735102,1.0,0.0680886298418045,0.050750557146966455,1.0,1.0
189,189,189,39.7,49.1,45.96666666666667,0.010710528288619403,0.8452357805965205,0.8470214149057375,0.4538293303905215,0.47308221328149724,0.4596666666666666,0.00841579157859087,0.010703498170635406,0.8470214149057375,1.0,0.06463571786880493,0.04846636969596148,1.0,1.0
190,190,190,39.1,49.55,46.06666666666667,0.010780091260710539,0.856015871857231,0.857794432977709,0.45429400498801703,0.4774004397339246,0.4606666666666667,0.008766112476587295,0.010773018071971546,0.857794432977709,0.9996001990013965,0.06956571768969297,0.05202629752457142,0.999601593625498,0.9996
191,191,191,39.9,49.9,46.56666666666667,0.01084927679896758,0.8668651486561987,0.8686364530059445,0.4584014799926423,0.47623738458717657,0.4656666666666666,0.008319081738591194,0.01084202002823554,0.8686364530059445,1.0,0.06560724694281816,0.04911968857049942,1.0,1.0
192,192,192,39.1,49.7,46.166666666666664,0.01091890838630221,0.8777840570425008,0.8795481128085354,0.45564574188999674,0.47829243841409474,0.4616666666666667,0.008132715197280049,0.010911659802590873,0.8795481128085354,1.0,0.06975579913705587,0.05196880660951138,1.0,1.0
193,193,193,40.6,49.3,46.4,0.01098859693408291,0.8887726539765838,0.8905292028175259,0.4578371601369488,0.47611904890207446,0.464,0.00829639493022114,0.010981090008990535,0.8905292028175259,1.0,0.06273254994302987,0.04709760341793299,1.0,1.0
194,194,194,38.0,50.0,46.0,0.011057878238014105,0.8998305322145979,0.9015798495641036,0.4521905333942458,0.4738332227410857,0.45999999999999996,0.008377195615321398,0.011050646746577698,0.9015798495641036,1.0,0.0673262421041727,0.050341433845460415,1.0,1.0
195,195,195,39.7,49.75,46.4,0.011127213270075938,0.9109577454846738,0.9127000054104296,0.45738310497677753,0.4794449635963403,0.4639999999999999,0.007509664120152593,0.011120155846325926,0.9127000054104296,1.0,0.06075281016528607,0.0454767107963562,1.0,1.0
196,196,196,40.2,49.35,46.3,0.011196914698010143,0.9221546601826839,0.9238897869461106,0.45657020471247295,0.4773540616139486,0.463,0.009148445446044207,0.011189781535680973,0.9238897869461106,1.0,0.06616291534155608,0.049756310693919656,1.0,1.0
197,197,197,39.8,50.25,46.766666666666666,0.011266622548140637,0.9334212827308245,0.9351493642568853,0.46136398002487,0.482208381326595,0.4676666666666666,0.008077294193208217,0.01125957731077476,0.9351493642568853,1.0,0.0637173442170024,0.047724115289747716,1.0,1.0
198,198,198,39.7,49.85,46.46666666666667,0.01133609715395537,0.9447573798847798,0.946478465949714,0.4591609159826206,0.4785902891893255,0.4646666666666667,0.008071200572885573,0.011329101692828615,0.946478465949714,1.0,0.06270804014056922,0.04701515324413776,1.0,1.0
199,199,199,39.2,49.8,46.266666666666666,0.011405805443778649,0.9561631853285585,0.9578773658009803,0.4563415617651103,0.4785395100473085,0.4626666666666667,0.007936330302618444,0.011398899851266303,0.9578773658009803,1.0,0.06650966368615627,0.04963836781680584,1.0,1.0
200,200,200,39.3,49.7,46.233333333333334,0.011475317340183172,0.9676385026687416,0.9693457181740851,0.4570849533651035,0.4777570040472357,0.4623333333333333,0.007508865394629538,0.011468352373104885,0.9693457181740851,1.0,0.06106076501309872,0.04569307658821344,1.0,1.0
201,201,201,39.4,49.55,46.166666666666664,0.011544756932246497,0.9791832596009882,0.9808834118423637,0.4547381243856561,0.4718901951803248,0.4616666666666667,0.008253114228136838,0.011537693668278613,0.9808834118423637,0.9997999997999998,0.06271363571286201,0.04707298204302788,0.9998003992015967,0.9998000000000001
202,202,202,40.2,49.15,46.166666666666664,0.011614477161264194,0.9907977367622524,0.992490845439791,0.4554446430896606,0.47604554412816585,0.4616666666666668,0.008918905444443227,0.011607433597427316,0.992490845439791,1.0,0.06564671602100133,0.04932770263403654,1.0,1.0
203,203,203,39.9,49.25,46.13333333333333,0.011683898325652134,1.0024816350879044,1.0041673230205743,0.45502897272172727,0.4716143499604793,0.4613333333333333,0.007777341268956661,0.011676477580783278,1.0041673230205743,1.0,0.06295344140380621,0.04709742572158575,1.0,1.0
204,204,204,38.8,50.45,46.56666666666667,0.01175324132568992,1.0142348764135944,1.0159131418092384,0.4581805203490787,0.47699391102711874,0.4656666666666667,0.006953992811031639,0.0117458187886641,1.0159131418092384,1.0,0.057784147933125495,0.04323278125375509,1.0,1.0
205,205,205,39.7,50.25,46.733333333333334,0.011823125919111123,1.0260580023327055,1.027728818256571,0.46097955352434383,0.48176133536969623,0.4673333333333333,0.007018297142349183,0.0118156764473324,1.027728818256571,1.0,0.05967453774064779,0.044575944729149344,1.0,1.0
206,206,206,39.0,50.45,46.63333333333333,0.01189299632796234,1.0379509986606679,1.0396143954507133,0.4592634833813714,0.48063114336981727,0.4663333333333333,0.007953385612927378,0.011885577194142403,1.0396143954507133,0.9997999997999999,0.06160304136574268,0.04620750490576029,0.9998003992015969,0.9998000000000001
207,207,207,39.6,49.85,46.43333333333333,0.011999207632197698,1.0499502062928656,1.051569365385489,0.4580407419989613,0.478598404990798,0.4643333333333333,0.007842415757477284,0.011954969934775532,1.051569365385489,1.0,0.062479936704039576,0.0467878807336092,1.0,1.0
208,208,208,39.8,49.85,46.5,0.012068850734127732,1.0620190570269934,1.0635977712754767,0.45731713030451104,0.47880564519562796,0.465,0.0083143787458539,0.012028405889987678,1.0635977712754767,1.0,0.06439130958169699,0.04826758522540331,1.0,1.0
209,209,209,39.7,49.45,46.2,0.012138423057614414,1.0741574800846079,1.0756958046387493,0.4555003480286604,0.4770199128144849,0.462,0.008565969695337117,0.012098033363272424,1.0756958046387493,1.0,0.06729956530034542,0.05037913676351309,1.0,1.0
210,210,210,25.1,43.06666666666667,38.575,0.013008315795159769,1.0871657958797676,1.0886416772667629,0.3738124772348842,0.39472078027637386,0.38575,3.472943741083145,0.012945872628013586,1.0886416772667629,0.2547749234969264,1.1656082332134248,1.8583098560571671,0.31953535224357255,0.21372727272727274
211,211,211,26.3,43.63333333333333,39.3,0.013100198791935646,1.1002659946717033,1.101679112694609,0.3825196508799563,0.4077661329412857,0.39299999999999996,0.8450814217329026,0.01303743542784609,1.101679112694609,0.4332591043061374,0.5777959942817688,0.6585064589977264,0.43497034108040766,0.43188888888888893
212,212,212,26.7,44.333333333333336,39.925,0.013192127114207872,1.1134581217859112,1.1148079784783085,0.3890389607314176,0.4131370395135008,0.39925,0.6180033594369888,0.013128865783699368,1.1148079784783085,0.5699376842084368,0.39493583142757416,0.4623739913105965,0.5705676703410865,0.5696
213,213,213,25.1,43.56666666666667,38.95,0.013284250046841573,1.1267423718327527,1.1280288366041669,0.37897835814555975,0.40801666688150073,0.38949999999999996,0.4821235343813896,0.013220858125858492,1.1280288366041669,0.8206816075777134,0.300630958378315,0.35560417026281355,0.8209594117929739,0.8207272727272727
214,214,214,26.3,43.7,39.35,0.013376737655424143,1.1401191094881769,1.1413422396065862,0.38238232730679866,0.412959849965124,0.3935,0.36660883128643035,0.013313403002419448,1.1413422396065862,0.9438650096449293,0.2708687365055084,0.30012487173080443,0.9440749219166221,0.9438000000000001
215,215,215,25.9,44.0,39.475,0.013468987751955977,1.153588097240133,1.1547478919409526,0.38375604913420885,0.41766493078630884,0.39475,0.2735274687409401,0.013405652334366382,1.1547478919409526,0.9685938276457151,0.2621508799493313,0.2661146052181721,0.9686538020097369,0.9686
216,216,216,26.3,43.8,39.425,0.013561173988084364,1.1671492712282172,1.168245612149504,0.3841232723332532,0.4126564486097501,0.39425,0.200435296446085,0.013497720208551249,1.168245612149504,0.9852149925948901,0.2395590975880623,0.22838329523801804,0.9852471612325007,0.9851999999999999
217,217,217,26.3,43.733333333333334,39.375,0.013653002650249218,1.1808022738784665,1.1818355535288843,0.38280677373610333,0.4114990991520022,0.39375,0.15339850299060345,0.013589941379380294,1.1818355535288843,0.9926082820156642,0.2628300882875919,0.2305717423558235,0.9926326077818028,0.9925999999999998
218,218,218,27.8,43.5,39.575,0.013745078671223845,1.1945473525496904,1.1955173595936726,0.38581456946416,0.4148614527752207,0.39574999999999994,0.11496068388223649,0.013681806064788306,1.1955173595936726,0.9970027721054204,0.21125193387269975,0.182943182438612,0.9970142461875241,0.9969999999999999
219,219,219,26.9,43.7,39.5,0.013837187183234125,1.2083845397329245,1.2092911142837413,0.3846411338889781,0.41822217590597005,0.395,0.08971251435577869,0.013773754690068685,1.2092911142837413,0.9987999981999934,0.22128623127937316,0.1824052721261978,0.9988019928270948,0.9987999999999999
220,220,220,27.8,44.233333333333334,40.125,0.013929350849571932,1.2223138905824964,1.2231570648390082,0.39189921474298073,0.4214191727139454,0.40125,0.06832333784550429,0.013865950555267067,1.2231570648390082,0.9997999997999999,0.21943217292428016,0.1746945045888424,0.9998003992015969,0.9997999999999999
221,221,221,26.2,44.03333333333333,39.575,0.014021534431854188,1.2363354250143506,1.2371151919228616,0.3862585449983725,0.4210484340035614,0.39575,0.05405805855989456,0.013958127083853307,1.2371151919228616,0.9997999997999999,0.18454554304480553,0.14599956274032594,0.9998003992015969,0.9997999999999999
222,222,222,26.6,43.4,39.2,0.014113205832886154,1.2504486308472367,1.2511657553271365,0.3826549760762788,0.4141844861198938,0.392,0.047100534476339814,0.014050563404274838,1.2511657553271365,1.0,0.18779563084244727,0.14619191437959672,1.0,1.0
223,223,223,27.7,43.8,39.775,0.014205856121687878,1.2646544869689245,1.265308027875083,0.38909763050989943,0.41983014606905666,0.39775,0.04102274887263775,0.014142272547946595,1.265308027875083,1.0,0.1910785175859928,0.14667063988745213,1.0,1.0
224,224,224,27.3,44.166666666666664,39.95,0.014298001663952394,1.278952488632877,1.2795426468419568,0.39094701766258255,0.4236544622605562,0.3995,0.0341109523549676,0.014234618966873763,1.2795426468419568,1.0,0.16163104251027108,0.12398351915180683,1.0,1.0
225,225,225,27.3,44.1,39.9,0.014390377582019383,1.2933428662148962,1.2938696125017428,0.3909335388083795,0.42457058279816523,0.39899999999999997,0.031070025730878116,0.01432696565978602,1.2938696125017428,1.0,0.15337872542440892,0.11730048693716526,1.0,1.0
226,226,226,27.6,44.4,40.2,0.014482463494310857,1.307825329709207,1.3082888195318647,0.3922656705336437,0.4243497103069581,0.40199999999999997,0.03146830564364791,0.014419207030121981,1.3082888195318647,1.0,0.187508799508214,0.14131523668766022,1.0,1.0
227,227,227,26.7,43.63333333333333,39.4,0.014574680305266133,1.3224000100144733,1.3228004840686676,0.38489722331109644,0.4171214157009041,0.394,0.02487411256879568,0.014511664536802872,1.3228004840686676,1.0,0.15975036099553108,0.11990894190967083,1.0,1.0
228,228,228,26.5,43.53333333333333,39.275,0.014667607723485993,1.3370676177379592,1.3374045966712085,0.3846908007031222,0.41760642395214254,0.39275,0.022594328969717026,0.014604112602540811,1.3374045966712085,1.0,0.15431291423738003,0.11542259529232979,1.0,1.0
229,229,229,25.7,44.13333333333333,39.525,0.014759981248611173,1.3518275989865705,1.3521010998608383,0.38672575024333766,0.42213318415334167,0.39525,0.0207545752171427,0.014696503189629881,1.3521010998608383,1.0,0.14941354542970658,0.11144325211644172,1.0,1.0
230,230,230,27.1,43.766666666666666,39.6,0.01485235050885538,1.3666799494954258,1.3668899406359556,0.38830053879013143,0.41810301590780197,0.396,0.02029146202839911,0.014788840775117431,1.3668899406359556,1.0,0.14460744224488736,0.10793960727751255,1.0,1.0
231,231,231,27.0,43.8,39.6,0.014944746650102576,1.3816246961455283,1.3817712198796441,0.38750944595916603,0.42145181619137817,0.396,0.019536612555384636,0.01488127924368859,1.3817712198796441,1.0,0.16103353053331376,0.11921517960727215,1.0,1.0
232,232,232,26.2,43.56666666666667,39.225,0.015037071517413686,1.396661767662942,1.3967448093008463,0.38337522053677375,0.4188640640482835,0.39225000000000004,0.016230715066194536,0.014973589421202162,1.3967448093008463,1.0,0.14342960342764854,0.10590093769133091,1.0,1.0
233,233,233,26.6,43.266666666666666,39.1,0.015129376496202758,1.4117911441591449,1.4118111165042708,0.3830115868903231,0.4187391681359619,0.391,0.016405373997986316,0.015066307203424511,1.4118111165042708,1.0,0.15484642498195172,0.11394783779978752,1.0,1.0
234,234,234,27.3,43.6,39.525,0.01522185439850735,1.4270129985576523,1.4269696471358126,0.3875854098492852,0.4217006420065129,0.39525,0.017066085478290915,0.015158530631541765,1.4269696471358126,1.0,0.14872072711586953,0.10985873341560363,1.0,1.0
235,235,235,26.8,43.53333333333333,39.35,0.01531400126221127,1.4423269998198636,1.4422203709297015,0.38460196217172243,0.41606705574961067,0.3935,0.016198087949305773,0.015250723793888867,1.4422203709297015,1.0,0.15032250992953777,0.11072097010910512,1.0,1.0
236,236,236,25.7,43.06666666666667,38.725,0.015405852722674472,1.457732852542538,1.457562987084626,0.379236397715031,0.4148177296059739,0.38725,0.013386544957756995,0.015342616154924523,1.457562987084626,1.0,0.13033974952995778,0.09589166417717934,1.0,1.0
237,237,237,27.6,43.46666666666667,39.5,0.01549816731601149,1.4732310198585494,1.4729976478006341,0.3884716849813807,0.4227699706487195,0.39499999999999996,0.01596646015532315,0.015434660716008089,1.4729976478006341,1.0,0.13413484022021294,0.09932494461536408,1.0,1.0
238,238,238,27.0,42.93333333333333,38.95,0.015590590212352597,1.488821610070902,1.4885251844000715,0.3811353231677798,0.41512274837038526,0.3895,0.012534079328179359,0.015527536599437302,1.4885251844000715,1.0,0.13355633839964867,0.097888876311481,1.0,1.0
239,239,239,26.7,43.733333333333334,39.475,0.015682725692709835,1.5045043357636119,1.5041449459338379,0.38650086377759196,0.4181645799751091,0.39475,0.012322136480361224,0.015619761533766317,1.5041449459338379,1.0,0.12327948436141015,0.0906325951218605,1.0,1.0
240,240,240,26.8,43.766666666666666,39.525,0.01577463113975257,1.5202789669033645,1.5198567588085445,0.3882533060532614,0.4241674077988818,0.39525,0.010783596755936741,0.015711812874706743,1.5198567588085445,1.0,0.08975412957370281,0.06670341081917286,1.0,1.0
241,241,241,26.1,43.666666666666664,39.275,0.015867325641781182,1.5361462925451457,1.5356606399079222,0.38305091629256205,0.4178527883059912,0.39275000000000004,0.011444205790758133,0.015803881099377637,1.5356606399079222,1.0,0.08111736252903938,0.060855894535779956,1.0,1.0
242,242,242,26.4,43.6,39.3,0.015959448923344742,1.5521057414684905,1.5515568872939387,0.38500086356665325,0.4183715247748328,0.39300000000000007,0.010382124269381166,0.01589624738601642,1.5515568872939387,1.0,0.07514466550201178,0.05635589677840471,1.0,1.0
243,243,243,26.6,43.6,39.35,0.016051616421963996,1.5681573578904544,1.567545060137883,0.38506743490044626,0.4220217636316326,0.3935,0.011787647474557161,0.015988172843944302,1.567545060137883,0.9997999997999998,0.08203300889581441,0.0616009371355176,0.9998003992015967,0.9998000000000001
244,244,244,26.8,43.333333333333336,39.2,0.016143729240885946,1.5843010871313403,1.5836259080505002,0.3853226893906235,0.4183098230132135,0.39199999999999996,0.010732418415136636,0.016080847912616995,1.5836259080505002,1.0,0.0750368844717741,0.056386126950383184,1.0,1.0
245,245,245,25.9,43.56666666666667,39.15,0.01623578904992973,1.6005368761812702,1.5997988323173453,0.3833122765764176,0.4214925966326373,0.3915,0.010910321632400155,0.01617292426684505,1.5997988323173453,1.0,0.08162622731178999,0.06105346195399761,1.0,1.0
246,246,246,27.3,43.666666666666664,39.575,0.016328130453281478,1.6168650066345516,1.6160637934047395,0.38799857291916656,0.4228342984852351,0.39574999999999994,0.010193573660217226,0.01626496108739416,1.6160637934047395,1.0,0.07350108791142702,0.05514786541461945,1.0,1.0
247,247,247,26.9,43.6,39.425,0.01642024827201781,1.6332852549065693,1.6324205878246167,0.38665681043137035,0.4222839618148743,0.39425,0.010131123312748968,0.016356794419877176,1.6324205878246167,1.0,0.07194260116666555,0.0540394252166152,1.0,1.0
248,248,248,26.5,43.766666666666666,39.45,0.01651220744053627,1.6497974623471054,1.6488695561842959,0.38632782739660254,0.4217048276923506,0.3945,0.0099998171441257,0.016448968359679128,1.6488695561842959,0.9997999997999998,0.0742918299511075,0.05564443413168192,0.9998003992015967,0.9998000000000001
249,249,249,25.9,43.6,39.175,0.016604051792554225,1.6664015141396598,1.665410912798984,0.3823028762996933,0.415114070167673,0.39175,0.009994670329615474,0.016541356614688144,1.665410912798984,1.0,0.06909154634922743,0.052001779712736604,1.0,1.0
250,250,250,27.2,43.43333333333333,39.375,0.016696536767004173,1.683098050906664,1.6820441593047033,0.38547130991792694,0.41983109076847197,0.39375,0.010531166731379927,0.01663324650571927,1.6820441593047033,1.0,0.06972790993750096,0.052608670108020304,1.0,1.0
251,251,251,26.9,43.233333333333334,39.15,0.01678885469241734,1.6998869055990813,1.6987695191769063,0.38394966507279776,0.41626401268544566,0.3915,0.010156280430965125,0.01672535987220312,1.6987695191769063,1.0,0.07017588652670384,0.052810607850551604,1.0,1.0
252,252,252,26.9,44.03333333333333,39.75,0.016880725539518363,1.7167676311385998,1.7155875041879547,0.3890244099653722,0.4214207027337353,0.39749999999999996,0.009900587634183467,0.0168179850110484,1.7155875041879547,1.0,0.06698445789515972,0.05049787126481533,1.0,1.0
253,253,253,27.4,43.666666666666664,39.6,0.01697292141931236,1.7337405525579122,1.732497563685708,0.3875629437010002,0.4228765886241588,0.396,0.010260596289299428,0.016910059497753333,1.732497563685708,1.0,0.07119937762618064,0.05355737041682005,1.0,1.0
254,254,254,27.3,43.4,39.375,0.017065420709720596,1.7508059732676327,1.7494995561679672,0.38545492616546034,0.4181813540444995,0.39375,0.009739958355203271,0.017001992482259008,1.7494995561679672,1.0,0.06345038134604693,0.04797525014728308,1.0,1.0
255,255,255,27.1,43.6,39.475,0.017157828672185613,1.7679638019398183,1.7665938586502379,0.3878788735156945,0.4210688662613752,0.39475,0.009466522885486484,0.017094302482270684,1.7665938586502379,1.0,0.06544916331768036,0.04929217621684075,1.0,1.0
256,256,256,27.7,43.4,39.475,0.01724990345793684,1.785213705397755,1.7837803844494475,0.3859907453331125,0.4184204261013562,0.39475,0.0111457476625219,0.017186525799209543,1.7837803844494475,0.9997999997999998,0.0696031792089343,0.05270622819662094,0.9998003992015967,0.9998000000000001
257,257,257,28.1,44.3,40.25,0.01734205081604708,1.8025557562138022,1.8010592276781532,0.3958683879337766,0.42777306519133873,0.4025,0.010728303156793118,0.017278843228705643,1.8010592276781532,1.0,0.07162974383682012,0.05399972386658192,1.0,1.0
258,258,258,26.5,43.56666666666667,39.3,0.01743438119438745,1.8199901374081895,1.8184302249605233,0.38357344228875995,0.4179750440564486,0.39299999999999996,0.00939817086327821,0.017370997282370165,1.8184302249605233,1.0,0.06828321181237698,0.051257884316146377,1.0,1.0
259,259,259,27.3,43.666666666666664,39.575,0.017526479810880517,1.83751661721907,1.83589384097192,0.38915739755145984,0.4228928958019428,0.39575,0.00872958218678832,0.017463616011396708,1.83589384097192,1.0,0.06772681437432766,0.05066641978919506,1.0,1.0
260,260,260,27.6,44.0,39.9,0.017618464108432885,1.855135081327503,1.8534495885787594,0.39122549381018035,0.4249836629843326,0.399,0.008946138503961264,0.017555747606839266,1.8534495885787594,1.0,0.06466524265706539,0.04858864210546017,1.0,1.0
261,261,261,27.6,43.9,39.825,0.017710548566483155,1.8728456298939862,1.8710971839675379,0.39120205417962034,0.42345414633933204,0.39825,0.009008324542082845,0.01764759538877858,1.8710971839675379,1.0,0.06273079086095094,0.047251691669225694,1.0,1.0
262,262,262,27.6,43.5,39.525,0.017802867952936438,1.8906484978469227,1.8888370211505678,0.3869260330929152,0.4177378459968869,0.39525,0.009147442225366832,0.01773983718302994,1.8888370211505678,1.0,0.06743975002318621,0.05059118662029505,1.0,1.0
263,263,263,26.7,43.36666666666667,39.2,0.01789522257743213,1.9085437204243547,1.906668842286251,0.3847844668910161,0.4227809891343057,0.392,0.009576955786906182,0.01783182113568319,1.906668842286251,1.0,0.0647129388526082,0.048813574761152265,1.0,1.0
264,264,264,26.0,43.766666666666666,39.325,0.01798732083471811,1.9265310412590728,1.9245928510453014,0.3850029157302553,0.42246154257832147,0.39325,0.00903367146383971,0.017924008759050345,1.9245928510453014,1.0,0.06457972861826419,0.04855534639209509,1.0,1.0
265,265,265,26.7,43.4,39.225,0.0180792068663947,1.9446102481254675,1.9426088871777698,0.38443025841275774,0.41949633714337214,0.39225,0.009746424225158989,0.018016036132468286,1.9426088871777698,1.0,0.06743767745792865,0.050769695453345774,1.0,1.0
266,266,266,27.0,44.0,39.75,0.018171603236116437,1.9627818513615838,1.9607169050949023,0.38986416574946003,0.42458573155237656,0.3975,0.008418546756729484,0.01810801791713247,1.9607169050949023,1.0,0.06579846795648336,0.04922559354454279,1.0,1.0
267,267,267,26.8,43.96666666666667,39.675,0.018263748209455016,1.9810455995710388,1.978917419654337,0.3886772881129657,0.4203718352811901,0.39675,0.009646764537319542,0.01820051455943483,1.978917419654337,1.0,0.07138821296393871,0.05350703857839108,1.0,1.0
268,268,268,27.7,43.53333333333333,39.575,0.01835594847147954,1.9994015480425182,1.9972100635099883,0.3888797101015246,0.42099807698251956,0.39575,0.0088613323867321,0.018292643855651266,1.9972100635099883,1.0,0.06192807350307703,0.04664550870656967,1.0,1.0
269,269,269,27.3,43.96666666666667,39.8,0.018448184900869954,2.017849732943388,2.015594894673722,0.3896666488056891,0.4243014359733282,0.398,0.009488608804531395,0.018384831163733382,2.015594894673722,0.9995999995999997,0.0664476165547967,0.04999997299164534,0.9996007984031936,0.9996
270,270,270,26.6,43.6,39.35,0.018540108915105744,2.036389841858494,2.0340721922654788,0.3857530834951587,0.4242487234872458,0.39350000000000007,0.008635629760101437,0.018477297591756894,2.0340721922654788,1.0,0.0607715031132102,0.04577046912163496,1.0,1.0
271,271,271,26.9,43.56666666666667,39.4,0.01863235618565143,2.055022198044145,2.0526414271322615,0.3854551032111981,0.4183038952866771,0.394,0.008855498512275517,0.018569234866782816,2.0526414271322615,1.0,0.06135822981595993,0.046246299520134926,1.0,1.0
272,272,272,26.7,43.43333333333333,39.25,0.018724399240222487,2.0737465972843676,2.0713029355641845,0.38299956558938314,0.41789327588779085,0.39249999999999996,0.009445797698572279,0.018661508431922914,2.0713029355641845,0.9997999997999999,0.05889838766306639,0.044700244814157485,0.9998003992015969,0.9998000000000001
273,273,273,26.8,43.233333333333334,39.125,0.018816592150788125,2.0925631894351557,2.090056612072912,0.3833484101632207,0.41910835078928405,0.39125,0.009151965752243996,0.018753676508727415,2.090056612072912,1.0,0.06261130981147289,0.047212729975581166,1.0,1.0
274,274,274,27.6,43.36666666666667,39.425,0.018908917426279294,2.111472106861435,2.108902348881943,0.38671488181964514,0.41801079304011485,0.39425,0.008649623207747936,0.01884573680903105,2.108902348881943,1.0,0.06373778767883778,0.04785225633531809,1.0,1.0
275,275,275,27.5,43.166666666666664,39.25,0.019000859976549923,2.130472966837985,2.1278399788389257,0.38406157667001156,0.4173897197744333,0.39249999999999996,0.009326462680473924,0.018937629956982838,2.1278399788389257,1.0,0.06436663474887609,0.04849579408764839,1.0,1.0
276,276,276,28.0,43.86666666666667,39.9,0.019093231241379544,2.1495661980793646,2.1468696941622953,0.39036375251030375,0.4252774955744373,0.399,0.008507916633971036,0.019029715323369743,2.1468696941622953,1.0,0.060213761404156685,0.04534154050052166,1.0,1.0
277,277,277,27.0,43.833333333333336,39.625,0.01918551806664275,2.1687517161460073,2.165991761099851,0.3892673296645047,0.4236706751233207,0.39625000000000005,0.008963955356739462,0.019122066937556005,2.165991761099851,0.9997999997999998,0.05918844640254974,0.0447592955082655,0.9998003992015967,0.9998000000000001
278,278,278,27.1,44.0,39.775,0.019277830273780654,2.188029546419788,2.185206469281974,0.38986375805330825,0.4233535791636589,0.39775,0.009058776427991688,0.01921470818212323,2.185206469281974,1.0,0.05988531019538641,0.045277430675923824,1.0,1.0
279,279,279,27.1,43.3,39.25,0.019370503690240733,2.2074000501100284,2.2045135615898124,0.3844930311622431,0.4202683421562858,0.39250000000000007,0.009033162822015583,0.019307092307838142,2.2045135615898124,1.0,0.06181097459048033,0.04661756511777639,1.0,1.0
280,280,280,34.6,38.45,37.68,0.020269625984222783,2.2276696760942514,2.2246913773005526,0.37386982021040416,0.39821539920513366,0.3768,4.251411616802216,0.020177815710740274,2.2246913773005526,0.23033087272409183,0.7796843588352204,1.8215741842985154,0.29514255315921634,0.18969230769230766
281,281,281,35.1,38.475,37.8,0.02039026970749014,2.2480599458017414,2.2449896270098866,0.37619991021985455,0.40457861154420854,0.37800000000000006,0.7030943781137466,0.020298249709333898,2.2449896270098866,0.4125394872000733,0.5580182000994682,0.6019612610340118,0.4142389250237056,0.41129999999999994
282,282,282,35.9,38.8,38.22,0.020511494490116265,2.2685714402918578,2.265408992530508,0.3815180422205081,0.41036046606119697,0.3822,0.51136012673378,0.020419365520621107,2.265408992530508,0.5877342705811313,0.3789880558848381,0.419125933945179,0.5882903640220953,0.5873333333333334
283,283,283,36.0,39.025,38.42,0.020632255837158272,2.289203696129016,2.285949420782083,0.38253616867765927,0.4077147996945316,0.38420000000000004,0.3966791957616806,0.020540428251575156,2.285949420782083,0.6145036479534846,0.29927634820342064,0.32892278432846067,0.6149636560152056,0.6142666666666667
284,284,284,35.6,39.125,38.42,0.020752933458642868,2.3099566295876586,2.306610489246209,0.3839157959255261,0.41146494717964943,0.38419999999999993,0.2968968883156776,0.020661068464126048,2.306610489246209,0.9537640084054164,0.2530274115502834,0.2666254870593548,0.9538523399857002,0.9538
285,285,285,35.3,38.575,37.92,0.020873866433784468,2.330830496021443,2.3273925142939555,0.37808000822604,0.4041683795823512,0.37920000000000004,0.22943845987319947,0.02078202504774669,2.3273925142939555,0.9709905592349204,0.21697254553437234,0.22115680947899818,0.9710550976220874,0.9709999999999999
286,286,286,37.1,38.85,38.5,0.020995401111582487,2.3518258971330255,2.348295519374408,0.3839177723057219,0.4104875800092161,0.38499999999999995,0.1734637811779976,0.020903005080452692,2.348295519374408,0.9855905863138841,0.22117834091186522,0.20731550455093384,0.9856270467893415,0.9856
287,287,287,37.0,38.875,38.5,0.021116836696814224,2.3729427338298397,2.369320068635609,0.3844492043503873,0.40790232122321746,0.385,0.13597004860639572,0.02102454926120075,2.369320068635609,0.9922058465575209,0.2301501676440239,0.20235883072018623,0.9922336466317851,0.9922000000000001
288,288,288,36.5,39.025,38.52,0.021237963730888442,2.3941806975607283,2.390465758388018,0.38438233485085604,0.41178119228041254,0.38520000000000004,0.10518429204821586,0.021145689752409155,2.390465758388018,0.996399382742674,0.20491195172071458,0.17546497657895088,0.9964063744733067,0.9964000000000001
289,289,289,36.1,38.975,38.4,0.02135897788919504,2.4155396754499234,2.411732458696487,0.3839879639858962,0.4092410774536905,0.384,0.08535294197499751,0.02126670030846894,2.411732458696487,0.9985999937999506,0.20268816277384757,0.1679645746946335,0.9986043753320143,0.9986
290,290,290,36.4,39.225,38.66,0.021479994540701815,2.437019669990625,2.4331201855231988,0.3855097916623826,0.4113157794833488,0.38659999999999994,0.07020460609346628,0.021387726826711983,2.4331201855231988,0.9995999995999995,0.20632501989603041,0.16597107090055943,0.9996007984031936,0.9996
291,291,291,37.2,38.7,38.4,0.02160146666653084,2.4586211366571558,2.4546289998567286,0.3830158874879146,0.4075524826978576,0.38400000000000006,0.05714091379195452,0.021508814333529813,2.4546289998567286,1.0,0.18493216261267661,0.14707910791039466,1.0,1.0
292,292,292,36.4,38.875,38.38,0.021722142580527504,2.480343279237683,2.4762593069297467,0.382484995141146,0.4059495840351698,0.38380000000000003,0.046386285498738286,0.021630307073018253,2.4762593069297467,1.0,0.15608233585953712,0.12366172969341278,1.0,1.0
293,293,293,36.4,38.825,38.34,0.021843165181960514,2.5021864444196438,2.49801022637908,0.3822091571975389,0.40798153461942194,0.3834,0.04318942632526159,0.021750919449333467,2.49801022637908,1.0,0.1564199972897768,0.12294495590031147,1.0,1.0
294,294,294,36.6,38.6,38.2,0.021964189995174858,2.5241506344148186,2.519882104156966,0.3796864142900274,0.4029784669721224,0.382,0.0384637956507504,0.021871877777885816,2.519882104156966,1.0,0.17321028523147106,0.13328516483306885,1.0,1.0
295,295,295,35.6,38.65,38.04,0.02208527852380984,2.5462359129386285,2.5418754928534297,0.379147833389159,0.4042403461876745,0.3803999999999999,0.033011509012430905,0.021993388696463546,2.5418754928534297,1.0,0.17472654581069946,0.13271331787109375,1.0,1.0
296,296,296,37.9,38.625,38.48,0.02220646870394699,2.5684423816425754,2.56398964113999,0.3826270641226603,0.40385279058296314,0.38480000000000003,0.029831912461668254,0.022114148286559995,2.56398964113999,1.0,0.16352311708033085,0.12392213009297848,1.0,1.0
297,297,297,36.7,38.875,38.44,0.02232821346462015,2.5907705951071955,2.5862250488937937,0.38352706460210967,0.40759309789742476,0.3843999999999999,0.025026042945683002,0.022235407753803973,2.5862250488937937,1.0,0.14754218533635138,0.11129540987312794,1.0,1.0
298,298,298,36.3,38.625,38.16,0.022449148422556124,2.6132197435297515,2.608581951748603,0.38088470556684306,0.40487029628701005,0.38160000000000005,0.025334895215928556,0.02235690285480949,2.608581951748603,1.0,0.1550818093121052,0.11666991859674454,1.0,1.0
299,299,299,37.0,38.775,38.42,0.022570274178704282,2.6357900177084557,2.631059898291859,0.38299061611191776,0.4090904191079157,0.38420000000000004,0.023147345520555973,0.022477946543256223,2.631059898291859,1.0,0.12923116125166417,0.09791885837912559,1.0,1.0
300,300,300,36.6,38.8,38.36,0.022691964153557356,2.658481981862013,2.653659443051939,0.38177374482529663,0.40545475307252204,0.38359999999999994,0.018838121695443986,0.02259954476007979,2.653659443051939,1.0,0.13017239905893802,0.09728686846792697,1.0,1.0
301,301,301,37.2,39.025,38.66,0.022812883405988072,2.681294865268001,2.67638086483408,0.3869470553769327,0.4115988251683098,0.38660000000000005,0.019071359653025866,0.022721421782140972,2.67638086483408,1.0,0.12277598530054093,0.09217673614621162,1.0,1.0
302,302,302,36.9,38.7,38.34,0.02293445393800339,2.7042293192060045,2.6992229921446844,0.38230117011605136,0.4063156633730359,0.3834,0.018145761173218488,0.022842127310604535,2.6992229921446844,1.0,0.13114651367068292,0.0977624986320734,1.0,1.0
303,303,303,36.9,38.65,38.3,0.02305514613710228,2.7272844653431068,2.7221862251128988,0.38301428750674044,0.40925622505125536,0.38299999999999995,0.01656389036215842,0.022963232968214262,2.7221862251128988,1.0,0.13074574656784535,0.09700998961925507,1.0,1.0
304,304,304,36.4,38.4,38.0,0.023176808351105728,2.7504612736942127,2.7452703198735,0.37935892003921107,0.4058173056758521,0.38000000000000006,0.01605896409600973,0.02308409476060086,2.7452703198735,1.0,0.13708392046391965,0.10129391215741634,1.0,1.0
305,305,305,36.3,38.575,38.12,0.023297698370037034,2.7737589720642495,2.76847611688444,0.38096187363451844,0.40570130099068147,0.38120000000000004,0.014387195697054267,0.023205797010940405,2.76847611688444,1.0,0.11969362199306488,0.0886198788881302,1.0,1.0
306,306,306,36.7,38.8,38.38,0.023418704370307557,2.797177676434557,2.7918029311267034,0.3834245458549042,0.4095104674408124,0.38380000000000003,0.013827943382784725,0.023326814242263367,2.7918029311267034,1.0,0.1280026886612177,0.09426886662840843,1.0,1.0
307,307,307,37.2,39.05,38.68,0.02354015274881148,2.8207178291833683,2.815250856004302,0.3857920572057505,0.4080134173543522,0.3867999999999999,0.01368917473591864,0.023447924877598326,2.815250856004302,1.0,0.13022635206580163,0.09578457362949848,1.0,1.0
308,308,308,36.1,39.025,38.44,0.023661075987632285,2.8443789051710007,2.838819989880499,0.3833877488121573,0.4105505786616364,0.38440000000000013,0.01271089557558298,0.023569133876197152,2.838819989880499,1.0,0.12161613292992116,0.08946774359792471,1.0,1.0
309,309,309,37.1,38.85,38.5,0.023781801054933598,2.868160706225934,2.8625102924504686,0.38351843656121715,0.4065451980359511,0.385,0.012844554521143437,0.023690302569969606,2.8625102924504686,1.0,0.11305497139692307,0.08351705744862556,1.0,1.0
310,310,310,37.3,38.4,38.18,0.023903235489548563,2.8920639417154828,2.886321324117329,0.38027648385625346,0.4068197909054896,0.3817999999999999,0.011235081311315297,0.023811031666860504,2.886321324117329,1.0,0.09039989598095417,0.06717468872666359,1.0,1.0
311,311,311,37.4,38.675,38.42,0.024023930389321196,2.916087872104804,2.9102532628648436,0.3840265606917579,0.4124656183680851,0.38419999999999993,0.012451169034466147,0.023931938747514595,2.9102532628648436,0.9997999997999999,0.07942241989076138,0.059856631048023703,0.9998003992015969,0.9998000000000001
312,312,312,36.7,38.45,38.1,0.024145384577036032,2.94023325668184,2.9343063257521673,0.3801951955404293,0.40776882695942485,0.38099999999999995,0.011181782139465213,0.024053062887323458,2.9343063257521673,1.0,0.07453243993222713,0.05605107005685568,1.0,1.0
313,313,313,36.7,38.875,38.44,0.024266095568362733,2.964499352250203,2.9584806523434533,0.3841085574385379,0.41121181200255863,0.38439999999999996,0.01198345241136849,0.024174326591285784,2.9584806523434533,1.0,0.07652025260031223,0.05768491439521313,1.0,1.0
314,314,314,35.7,38.35,37.82,0.02438672792013037,2.988886080170333,2.9827755008190526,0.37763509459944833,0.40407473392244286,0.3782,0.010906815156340599,0.024294848475599404,2.9827755008190526,1.0,0.06772949397563935,0.05120549164712429,1.0,1.0
315,315,315,36.3,38.95,38.42,0.024508250208265782,3.0133943303785986,3.007191408490094,0.3829590471294879,0.4063531013297173,0.38420000000000004,0.011219799146056175,0.02441590767104116,3.007191408490094,1.0,0.07157023064792156,0.05398901291191578,1.0,1.0
316,316,316,37.6,38.475,38.3,0.024629443017832108,3.038023773396431,3.0317285682645627,0.38125279526765476,0.40628172520449224,0.38300000000000006,0.011627639969810843,0.024537159774468794,3.0317285682645627,1.0,0.07384103238582611,0.055700944364070894,1.0,1.0
317,317,317,36.6,38.8,38.36,0.024750895215199152,3.06277466861163,3.056387269083331,0.3831434449930923,0.40845411269435933,0.3836,0.011124572157859803,0.024658700818768226,3.056387269083331,0.9997999997999998,0.07018241472542286,0.05298793371766806,0.9998003992015967,0.9998000000000001
318,318,318,36.1,38.625,38.12,0.02487211208074331,3.0876467806923733,3.0811670721193285,0.3803572818196137,0.4074908975013085,0.38120000000000004,0.010259463707916439,0.02477980303599718,3.0811670721193285,1.0,0.07144343256950378,0.053612821735441685,1.0,1.0
319,319,319,37.4,38.625,38.38,0.024993760207696773,3.11264054090007,3.10606854178887,0.38264847327579943,0.4065504132196402,0.3838,0.011286878352984786,0.024901469669541244,3.10606854178887,1.0,0.07239500246942043,0.05458680521696806,1.0,1.0
320,320,320,37.5,38.65,38.42,0.025114585423800944,3.1377551263238708,3.131091118940111,0.3821809291148645,0.40528743373004916,0.38419999999999993,0.010925007052719593,0.02502257715124114,3.131091118940111,1.0,0.06996587757021189,0.05277776662260294,1.0,1.0
321,321,321,37.2,38.95,38.6,0.025236150755874143,3.162991277079745,3.1562350815954954,0.38546012534145424,0.4120560852250825,0.38599999999999995,0.011126464372500778,0.02514396265538407,3.1562350815954954,1.0,0.06456696819514036,0.04905889555811882,1.0,1.0
322,322,322,36.6,38.75,38.32,0.02535744790107943,3.1883487249808242,3.1815001128852254,0.3828097913340306,0.41101412613138516,0.3832,0.009633106482215225,0.025265031289730216,3.1815001128852254,1.0,0.061688543669879435,0.046594603545963766,1.0,1.0
323,323,323,37.1,38.875,38.52,0.02548138826086429,3.2138301132416887,3.2068869518608762,0.3850742982041677,0.41079781515721764,0.38520000000000004,0.010823553916998208,0.025386838975651072,3.2068869518608762,0.9997999997999998,0.06707499828189611,0.05072481371462345,0.9998003992015967,0.9998000000000001
324,324,324,36.6,39.225,38.7,0.025602999972294194,3.2394331132139826,3.2323976247186383,0.3858719880276351,0.4105639848125114,0.38699999999999996,0.009692642325535416,0.025510672857762196,3.2323976247186383,1.0,0.06330604422837496,0.04774502106010914,1.0,1.0
325,325,325,36.5,38.575,38.16,0.025724193549766447,3.265157306763749,3.258029484851939,0.3799730444631109,0.4062083672012038,0.38159999999999994,0.012200589920394123,0.025631860133300887,3.258029484851939,1.0,0.07080031223595143,0.053745174407958986,1.0,1.0
326,326,326,36.1,38.5,38.02,0.025845771688860396,3.291003078452609,3.283782807993315,0.3795726573865672,0.4059886752306587,0.3802,0.011169930128380657,0.025753323141375774,3.283782807993315,1.0,0.06956648342311382,0.05257067382335663,1.0,1.0
327,327,327,36.3,39.1,38.54,0.025966903198329193,3.3169699816509386,3.309657713771685,0.3847267817033393,0.4103530105851781,0.3854000000000001,0.010090104560367763,0.025874905778369952,3.309657713771685,1.0,0.060494567081332204,0.04589595757424832,1.0,1.0
328,328,328,35.6,38.675,38.06,0.026087577569041214,3.3430575592199796,3.33565336570717,0.37985481175823943,0.4057869368731534,0.38059999999999994,0.01125581217929721,0.025995651935485017,3.33565336570717,1.0,0.06256982088088989,0.047698385827243325,1.0,1.0
329,329,329,36.0,38.425,37.94,0.02620877373349,3.36926633295347,3.3617699132393652,0.3784391511030656,0.40554253259884376,0.37939999999999996,0.009315543086268007,0.02611654753219535,3.3617699132393652,1.0,0.05763179548084736,0.043658326007425786,1.0,1.0
330,330,330,37.8,38.3,38.2,0.026330193456108004,3.395596526409578,3.388007896517074,0.38154990712584586,0.4095043610438389,0.38199999999999995,0.010403863457031547,0.026237983277708682,3.388007896517074,1.0,0.06947254315018654,0.05227874182164669,1.0,1.0
331,331,331,37.5,38.875,38.6,0.026451180818670955,3.422047707228249,3.4143668372887834,0.38494282821311115,0.41035031077738443,0.386,0.00919274624902755,0.02635894077170943,3.4143668372887834,1.0,0.0589781841263175,0.04456547740846872,1.0,1.0
332,332,332,36.1,38.575,38.08,0.02657234140939996,3.448620048637649,3.4408469188903172,0.3803536381028953,0.40885391799718546,0.38079999999999997,0.0101820747833699,0.026480081601533624,3.4408469188903172,1.0,0.06195040214806795,0.04694427717477083,1.0,1.0
333,333,333,37.3,38.525,38.28,0.026693746290969017,3.475313794928618,3.467448412245157,0.3818463692127776,0.40783207310435143,0.38280000000000003,0.010971218231134117,0.02660149335483998,3.467448412245157,1.0,0.06843815892934799,0.051723518408834934,1.0,1.0
334,334,334,35.9,39.0,38.38,0.02681494768653965,3.5021287426151577,3.494171021959261,0.382905939126534,0.4089661899790489,0.3838,0.009861600352451205,0.02672260971410421,3.494171021959261,1.0,0.06501369997859001,0.0489919813349843,1.0,1.0
335,335,335,36.5,38.525,38.12,0.026936153480463798,3.5290648960956217,3.5210152027244885,0.3794188289771364,0.40693696537014334,0.38120000000000004,0.009655341855250299,0.026844180765227526,3.5210152027244885,1.0,0.06343331448733806,0.04782337509095669,1.0,1.0
336,336,336,37.1,38.725,38.4,0.02705743124082359,3.5561223273364453,3.5479804466356915,0.3834616106255361,0.4083498131216038,0.38400000000000006,0.009982326813042165,0.026965243911202825,3.5479804466356915,1.0,0.0663879157975316,0.04999077990651131,1.0,1.0
337,337,337,36.2,38.625,38.14,0.027178431802571557,3.583300759139017,3.5750666311495207,0.3809968185319297,0.40598783433707036,0.3814000000000001,0.009512359439395369,0.027086184513829204,3.5750666311495207,1.0,0.05947548672556877,0.04500894583761692,1.0,1.0
338,338,338,36.7,38.6,38.22,0.027299675155284697,3.6106004342943017,3.602274448783704,0.38124676219538517,0.4075073816690762,0.38220000000000004,0.010322804795578122,0.027207817634183014,3.602274448783704,1.0,0.06307788696140051,0.047774855978786945,1.0,1.0
339,339,339,36.6,38.475,38.1,0.027420526797153642,3.6380209610914553,3.629603145082987,0.38031370716748164,0.4059321422150026,0.38099999999999995,0.009375480725429952,0.02732869629928289,3.629603145082987,1.0,0.06301647964864969,0.047449248470366,1.0,1.0
340,340,340,37.9,38.85,38.66,0.027541960505247463,3.665562921596703,3.657052825058732,0.3853854525802531,0.40870876220222896,0.38659999999999994,0.008943064161576331,0.027449679975745486,3.657052825058732,1.0,0.05564630944281816,0.04215728603303433,1.0,1.0
341,341,341,36.9,38.925,38.52,0.027663218041617275,3.69322613963832,3.684623714064852,0.3849390133832369,0.4125927335453574,0.3852,0.008816029108129442,0.027570889006119655,3.684623714064852,1.0,0.05910560600459576,0.044541383162140846,1.0,1.0
342,342,342,37.4,38.975,38.66,0.027784321248224147,3.721010460886544,3.712316174518929,0.3864304837224485,0.410787252461718,0.38659999999999994,0.00963155711069703,0.027692460454077205,3.712316174518929,0.9997999997999998,0.057623753882944585,0.043749299645423886,0.9998003992015967,0.9998000000000001
343,343,343,37.8,38.55,38.4,0.027905529098190923,3.7489159899847353,3.740129536251908,0.3832173101347386,0.4058676504869911,0.38400000000000006,0.00920272923540324,0.027813361732978686,3.740129536251908,1.0,0.05558884087949991,0.04219565549865365,1.0,1.0
344,344,344,36.6,38.85,38.4,0.028026426990407777,3.776942416975143,3.768064175115051,0.3820841487623997,0.4068722812962599,0.384,0.009747835784219205,0.02793463886314344,3.768064175115051,1.0,0.06278509441763162,0.04739938955754042,1.0,1.0
345,345,345,36.3,38.775,38.28,0.028147978134149886,3.8050903951092927,3.796119851294806,0.38247565529393596,0.40768136167046337,0.38280000000000003,0.009192058071494102,0.02805567617975449,3.796119851294806,1.0,0.05590203739702702,0.042410632409155366,1.0,1.0
346,346,346,35.6,38.7,38.08,0.02826911096949735,3.83335950607879,3.8242967855367636,0.37944808046110007,0.40619249263831536,0.38079999999999997,0.009172288118861616,0.028176934241957708,3.8242967855367636,1.0,0.05728442426770926,0.04337538238614798,1.0,1.0
347,347,347,36.1,38.4,37.94,0.02839013681584431,3.8617496428946345,3.8525946231947077,0.37838770724412263,0.40730235526855163,0.3793999999999999,0.010720969806425274,0.02829783765794432,3.8525946231947077,0.9996001990013967,0.06390778981149196,0.04847791697829962,0.999601593625498,0.9996
348,348,348,36.4,38.65,38.2,0.028511672611701868,3.8902613155063364,3.8810140308643777,0.3809980969752313,0.40597720560443057,0.382,0.009301337343640626,0.028419407669669924,3.8810140308643777,1.0,0.06074950788170099,0.0458405340090394,1.0,1.0
349,349,349,36.8,38.525,38.18,0.02863296261953001,3.918894278125866,3.9095547414176135,0.3806776756824356,0.4064878056095448,0.3818,0.00935855924617499,0.028540710553235694,3.9095547414176135,1.0,0.055341385677456854,0.04206983894109726,1.0,1.0
